,name,authors,translator,price,publisher,price_printed,date,language,vol,pages,isbn,description,category,cover_loc
0,ฺฉ,ุฌูุฌู ููุฒ,ูุฑู ููุชุงุญ,"ถฐ,ฐฐฐ ", ุขููุช," ทด,ฐฐฐ ",ฑณนต/ฑฐ/ฑต, ูุงุฑุณ," 3.02 
                        "," ตถธ 
                            ",978-600-384-022-5,ฺฏุงู ุนุฑุตู ฺูุงู ุจุฑ ุงูุณุงู ุชูฺฏ ูโุดูุฏ ฺฉู ุงู ูุงฺุงุฑ ุจู ุชุตููโฺฏุฑ ุนุฌุจ ุฏุฑ ุฒูุฏฺฏโ ูโุดูุฏ. ุงฺฏุฑ ุงูุณุงู ุจุง ุนูู ุจู ุงุดุชุจุงู ุฎูุฏ ุชุตูู ูุงุฏุฑุณุช ุจฺฏุฑุฏ ุฐูู ุงู ูุฏุงู ุจู ุฏูุจุงู ฺฉ ุชูุฌู ุฏุฑุณุช ู ููุทู ุจุฑุง ุงู ุชุตูู ูโฺฏุฑุฏุฏ. ุฏุฑ ููุงุช ุฒูุงู ฺฉู ุนูุงูุจ ุงุดุชุจุงู ุฎูุฏ ุฑุง ูโุจูุฏ ุชูุงู ุณุน ุฎูุฏ ุฑุง ูโฺฉูุฏ ุชุง ุงุดุชุจุงูุงุชุด ุฑุง ุฌุจุฑุงู ฺฉูุฏ. ุงูุง ฺู ฺฉุณ ูโุชูุงูุฏ ุจุฏูู ฺฉูฺฉ ู ููุฑุงู ุฏฺฏุฑุงู ุจู ุชููุง ุงุฒ ูพุณ ูููโ ูุดฺฉูุงุช ุจุฑ ุจุงุฏ. ููุดู ฺฏูุชูโุงูุฏ ฺฉ ุฏุณุช ุตุฏุง ูุฏุงุฑุฏ. ยซุฌูุฌู ููุฒยป ูู ุฏุฑ ุฑูุงู ุญุฑุชโุงูฺฏุฒ ยซฺฉ ุจู ุนูุงูู ฺฉยป ุงุฒ ููุฑุงู ุนุดู ู ุฏูุณุช ุจุฑุง ุฌุจุฑุงู ุงุดุชุจุงูุงุช ูโฺฏูุฏ.,ุฏุงุณุชุงู ู ุฑูุงู ุงูฺฏูุณ,https://newcdn.fidibo.com/images/books/65696_17103_normal.jpg
1,ููุนู ุญููุงูุงุช,ุฌูุฑุฌ ุงูุฑููโ,ุญููุฏุฑุถุง ุจููฺ,"ท,ตฐฐ ",ูุฌุฏ," ฑต,ฐฐฐ ",ฑณนณ/ฐท/ฑต, ูุงุฑุณ," 0.76 
                        "," ฑฒท 
                            ",964-453-052-7,"
                                    ุฏุงุณุชุงู ุฏุฑ ููุฑุฏ ุงูููุงุจ ุงุณุช ฺฉู ุจุฑ ุงุณุงุณ ุจุฑุงุฏุฑ ู ุจุฑุงุจุฑ ุดฺฉู ู ฺฏุฑุฏ ูู ุฏุฑ ุขุฎุฑ ุจุง ุดฺฉุณุช ููุงุฌู ู ุดูุฏ. ุฏุฑ ุงุจุชุฏุง ฺฏุฑูู ุงุฒ ุญูุงูุงุช ูุฒุฑุนู ฺฉู ููุฑุฏ ุจุฏุฑูุชุงุฑ ุตุงุญุจ ูุฒุฑุนู ูุฑุงุฑ ุฏุงุฑูุฏ ุงูููุงุจ ู ฺฉููุฏ ู ููุงูู ุฑุง ุจุฑุง ูพุงู ุฑุฒ ุฌุงูุนู ุง ูุจุชู ุจุฑ ูุณุงูุงุช ู ุจุฑุงุจุฑ ุจู ุชุตูุจ ู ุฑุณุงููุฏ ูู ุงู ููุงูู ุจู ุชุฏุฑุฌ ุฒุฑ ูพุง ฺฏุฐุงุดุชู ู ุดูุฏู...                                                                    ",ุฏุงุณุชุงู ู ุฑูุงู ุงูฺฏูุณ,https://newcdn.fidibo.com/images/books/3844_36809_normal.jpg
2,ุนูุงุฏ ฺฉ ุฏููฺฉ,ูุงูุฑุด ุจู,ุดุฑู ููฺฉุฑุงู,"ฑน,ฐฐฐ ", ุงูุฑฺฉุจุฑ," ดณ,ฐฐฐ ",ฑณนฒ/ฑฐ/ฑต, ูุงุฑุณ," 1.9 
                        "," ฒทฒ 
                            ",978-964-00-1420-2,.ูุง ุฏุฑ ุงู ููุงูู ุจู ูุนุฑู ฺฉุชุงุจ ุนูุงุฏ ฺฉ ุฏููฺฉ ู ูพุฑุฏุงุฒู ุชุง ุฏุงุณุชุงู ุงู ุฏููฺฉ ุชููุง ุฑุง ููุดฺฉุงูุงูู ุจุฑุฑุณ ฺฉูู ู ุงุฒ ุงูุชูุง ุฏุงุณุชุงู ฺฉู ูุงูุฑุด ุจู ุขู ุฑุง ุฌูุงู ฺฉุฑุฏู ุงุทูุงุน ูพุฏุง ฺฉูู.ุดูุง ู ุชูุงูุฏ ูุณุฎู ุงูฺฉุชุฑููฺฉ ุงู ุฑูุงู ุนุงูู ูพุณูุฏ ุฑุง ุงุฒ ูุฏุจู ุฏุงูููุฏ ฺฉูุฏ.,ุฏุงุณุชุงู ู ุฑูุงู ุขููุงู,https://newcdn.fidibo.com/images/books/68538_32663_normal.jpg
3,ุดุงุฒุฏู ฺฉูฺููู,ุขูุชูุงู ุฏูุณูุชโุงฺฏุฒููพุฑ,ุงุจูุงูุญุณู ูุฌู,"ฑต,ฐฐฐ ", ููููุฑ," ฒต,ฐฐฐ ",ฑณทน/ฑฐ/ฑต, ูุงุฑุณ," 1.91 
                        "," ฑฑท 
                            ",978-964-448-132-1,ุขูฺู ุฏุฑ ุจุงูุง ุฎูุงูุฏุฏ ููุฏ ู ุจุฑุฑุณ ฺฉุชุงุจ ุดุงูุฒุงุฏู ฺฉูฺููู ุงุซุฑ ุขูุชูุงู ุฏู ุณูุช ุงฺฏุฒููพุฑ ุจุง ุชุฑุฌููยุงุจูุงูุญุณู ูุฌูยุจูุฏ. ู ุชูุงูุฏ ุจู ุฑุงุญุช ฺฉุชุงุจ ุงูฺฉุชุฑููฺฉ ุง ฺฉุชุงุจ ุตูุช ุดุงุฒุฏู ฺฉูฺููู ุงุฒ ูุฏุจู ุฏุฑุงูุช ฺฉูุฏ.,ุฏุงุณุชุงู ู ุฑูุงู ูุฑุงูุณู,https://newcdn.fidibo.com/images/books/65190_44421_normal.jpg
4,ููู ุงู,"
 
                                                                                            
ุฑุถุง ุงูุฑุฎุงู ",None,"ตฐ,ฐฐฐ ", ุงูู," ฑฑต,ฐฐฐ ",ฑณนฐ/ฑฐ/ฑต, ูุงุฑุณ," 2.4 
                        "," ถฐฐ 
                            ",978-964-369-759-4,ุฏุฑ ุชูุงู ุงู ุณุงูโูุง ฺฉู ุญุฑู ุงุฒ ูุงุฌุนู ุจุงุฑ ุจูุฏู ุณุฑุงูู ูุทุงูุนู ุฏุฑ ุงุฑุงู ุงุณุชุ ุฑุถุง ุงูุฑุฎุงูุ ุชูุฑุจุง ุชููุง ููุณูุฏูโุง ุจูุฏู ุงุณุช ฺฉู ูุฑุฏู ุจุฑุง ุฎุฑุฏู ฺฉุชุงุจ ุขุฎุฑุด (ุฑ.ู.ุด.) ุฏุฑ ุงููู ุฑูุฒ ุงูุชุดุงุฑ ุขู ุตู ูโฺฉุดูุฏ. ูุฑฺูุฏ ุดุงุฏ ุฌูุนุช ูุดุชุงู ุงุณุชุงุฏู ุฏุฑ ุตู ุจู ูุณุจุช ูุฑุฏู ฺฉู ุฏุฑ ุฎุงุฑุฌ ุงุฒ ฺฉุดูุฑ ุจุฑุง ฺฉ ฺฉุชุงุจ ุฎุงุต ุตู ฺฉุดุฏูโุงูุฏุ ฺฉูุชุฑ ุจุงุดุฏุ ุงูุง ุงู ููุถูุน ุจู ุฎูุฏ ุฎูุฏุ ุฏุฑ ุดุฑุงุท ฺฉู ุขูุงุฑ ฺฉุชุงุจุฎูุงู ุงุฑุงูุงู ุจุณุงุฑ ูุงุฑุงุญุช ฺฉููุฏู ุงุณุชุ ูพุฏุฏูโุง ุฌุฐุงุจ ู ุงูุจุชู ูุงุจู ุชุงูู ุงุณุช. ุจุงุฏ ุญุชูุง ุฏุฑ ุงู ููุฑุฏ ุจุฑุฑุณ ุตูุฑุช ฺฏุฑุฏุ ููุถูุน ููุฑุฏ ุชุญูู ูุฑุงุฑ ฺฏุฑุฏุ ููุดุชู ุดูุฏุ ุงฺฏุฑ ูุงุฒู ุจูุฏ ูุฒฺฏุฑุฏ ุจุฑฺฏุฒุงุฑ ุดูุฏ ฺฉู ุงูุฑุฎุงู ุฏุฑ ุทูู ุงู ุณุงูุงู ฺู ฺฉุฑุฏู ุงุณุช ฺฉู ูุฎุงุทุจุด ุงูฺฏููู ูุดุชุงู ุฎูุงูุฏู ฺฉุชุงุจ ุฌุฏุฏ ุงูุณุชุ ู ุง ููุณูุฏฺฏุงู ุฏฺฏุฑ ฺู ูพุงุฑุงูุชุฑูุง ุฑุง ุจุงุฏ ูุฏ ูุธุฑ ูุฑุงุฑ ุฏููุฏ ฺฉู ุจุชูุงููุฏ ูุฎุงุทุจ ุงุฑุงู ุฑุง ูุฑฺู ุจุดุชุฑ ุจู ุฎูุงูุฏู ุชุดูู ฺฉููุฏ.,ุฏุงุณุชุงู ู ุฑูุงู ุงุฑุงู,https://newcdn.fidibo.com/images/books/64820_36952_normal.jpg
5,ูุงฺฏูุงุฑุชุฒ ุฑุงูููุง ูุงฺฉุงูู ู ูุงูุนุชุจุฑ,ุฌ.ฺฉ ุฑูููฺฏ,ุงูู ุจูุฑูโููุฏ  ุ                                                                                                             ุญุณู ุบุฑุจ,None, ุขูุฑูุด ฺฉุชุงุจ ุงูฺฉุชุฑููฺฉ ูุฑูุฒุงู (ูุฏุจู),None,ฑณนต/ฐธ/ฒถ, ูุงุฑุณ," 4.13 
                        ","  
                            ",None,"
                                     ูุง ุงุทูุงุนุงุช ุฒุงุฏ ุงุฒ ูุงฺฏูุงุฑุชุฒ ุฏุงุฑู. ูุงฺฏูุงุฑุชุฒ ูุฏุฑุณูโุง ุจุฑุง ุณุงุญุฑุงู ู ุณุงุญุฑูโูุง ุงุณุช ฺฉู ุฏุนูุชูุงูู ุญุถูุฑ ุฏุฑ ุขู ุจุง ุฌุบุฏ ุจุฑุงุดุงู ุงุฑุณุงู ูโุดูุฏ. ููุนู ูุงฺฏูุงุฑุชุฒ ูุฌููุนุง ฑดฒ ุฑุงูโูพูู ุฏุงุฑุฏ ฺฉู ูุฑ ุฒูุงู ู ุจู ูุฑ ุณูุช ฺฉู ุตูุงุญ ุจุฏุงููุฏุ ุฌุงโุจูโุฌุง ูโุดููุฏ. ุงู ูุฏุฑุณู ุชูุณุท ฺฏูุฏุฑฺฉ ฺฏุฑููุฏูุฑุ ุฑูููุง ุฑููฺฉูุงูุ ููฺฏุง ูุงูููพุงูู ุณุงูุงุฒุงุฑ ุงุณูุชุฑู ุจูุง ุดุฏู ู ฺฏุฑููโูุง ูุฏุฑุณู ูุฒ ุจู ูุงู ุขูโูุง ูุงูโฺฏุฐุงุฑ ุดุฏู ุงุณุช.
ููฺูู ุฑุงูุฑู ูุฎู ูพุดุช ูุฌุณูู ุณุงุญุฑู ฺฉ ฺุดู ูุฌูุฏ ุฏุงุฑุฏ ฺฉู ุงูฺฉุงู ูุฑุงุฑ ูุฑุฏ ฺฉูฺฺฉ ุจู ุฒุฑุฒูู ูุบุงุฒู ุฏูฺฉโูุง ุนุณู ุฑุง ูุฑุงูู ูโฺฉูุฏ. ุงูุง ุงฺฏุฑ ูพุฑููุณูุฑ ุขูุจูุณ ูพุฑุณูุงู ูุงููุฑฺฉ ุจุฑุงุงู ุฏุงูุจูุฏูุฑูโฺฏูุฏ ฺฉู ุชูุงู ุฑุงุฒูุง ูุงฺฏูุงุฑุชุฒ ุฑุง ููโุฏุงูุฏุ ูุง ูุฒ ููโุชูุงูู ุงุฏุนุง ฺฉูู ฺฉู ููู ฺุฒ ุฑุง ูโุฏุงูู.
ุชููุง ฺฉ ููุฑ ูุณุช ฺฉู ููู ฺุฒ ุฑุง ุฏุฑ ููุฑุฏ ูุงฺฏูุงุฑุชุฒ ูโุฏุงูุฏ. ุฏุฑ ุงู ฺฉุชุงุจ ุฌ.ฺฉ.ุฑูููฺฏ ุงุณุฑุงุฑ ูุฎู ู ุงูุณุงููโูุง ุนุฌุจ ูุฏุฑุณู ุจุฑุชุงูุง ุนููู ู ูููู ุฌุงุฏูฺฏุฑ ูุงฺฏูุงุฑุชุฒ ุฑุง ูุงุด ูโฺฉูุฏ.                                                                    ",ฺฉุชุงุจโูุง ุฑุงฺฏุงู ,https://newcdn.fidibo.com/images/books/63851_54348_normal.jpg
6,ุดุงุฒุฏู ฺฉูฺููู,ุขูุชูุงู ุฏู ุณูุช ุงฺฏุฒููพุฑโ,ุงุญูุฏ ุดุงููู,"ฑฐ,ฐฐฐ ", ูฺฏุงู," ฑท,ฐฐฐ ",ฑณนต/ฑฐ/ฑต, ูุงุฑุณ," 1.56 
                        "," ฑฐณ 
                            ",978-964-351-013-8,ุดุงุฒุฏู ฺฉูฺููู ุฏุงุณุชุงู ุชูุฑุจุง ฺฉูุชุงู ุงุณุช ฺฉู ุงุชูุงูุงุช ุดฺฏูุชโุงูฺฏุฒ ุขู ฺฏุงู ุฑูฺฏ ู ุจู ููุณู ุจู ุฎูุฏ ูโฺฏุฑุฏ. ููุณููโุง ุงุฒ ุฌูุณ ุณุงุฏฺฏ ฺฉ ฺฉูุฏฺฉ ฺฉู ุจู ุฒุจุงู ุณุงุฏู ู ุฎุงูโุงูฺฏุฒ ุชูุตู ูโุดูุฏ. ุฏุฑ ุณุงู ฒฐฐท ุดุงุฒุฏู ฺฉูฺููู ุจู ุนููุงู ฺฉุชุงุจ ุณุงู ูุฑุงูุณู ุจุฑฺฏุฒุฏู ุดุฏ ู ุงุฒ ุฒูุงู ุงูุชุดุงุฑ ุชุง ุงูุฑูุฒ ุจู ุจุดโุงุฒ 300 ุฒุจุงู ุชุฑุฌูู ุดุฏู ุงุณุช. ุงุฒ ุฏุงุณุชุงู ุดุงุฒุฏู ฺฉูฺููู ฺูุฏ ุงูุชุจุงุณ ุฏุฑ ุณููุง ูุฌูุฏ ุฏุงุฑุฏ ฺฉู ุฌุฏุฏุชุฑู ุขู ุฏุฑ ุณุงู 2015 ููุชุดุฑ ุดุฏ. ฺฉ ููู ูพูุงููุง ุฑุงุงููโุง ุณูโุจุนุฏ ุงูฺฏูุณโุฒุจุงู ุณุงุฎุช ูุฑุงูุณู ุจู ฺฉุงุฑฺฏุฑุฏุงู ยซูุงุฑฺฉ ุขุฒุจุฑูยป ุจุฑ ุงุณุงุณ ุฏุงุณุชุงู ุดุงุฒุฏู ฺฉูฺููู ุณุงุฎุชู ุดุฏ. ุงู ููู ุจุฎุดโูุง ุงุฒ ุฏุงุณุชุงู ุฑุง ุจุง ุงุณุชูุงุฏู ุงุฒ ุดูู ุงููุดู ุงุณุชุงูพ ููุดู ุจู ุชุตูุฑ ฺฉุดุฏู ุงุณุช. ุดุงุฒุฏู ฺฉูฺููู ฺฉ ุงุซุฑ ุฏุงุณุชุงู ุตุฑู ูุณุชุ ููุณููโุงโ ุงุฒ ุฒูุฏฺฏ ุงุณุช ฺฉู ุจุง ูุฑุจุงุฑ ุฎูุงูุฏุด ุจู ููููู ุชุงุฒู ุงุฒ ุขู ูพ ูโุจุฑู.,ุฏุงุณุชุงู ู ุฑูุงู ูุฑุงูุณู,https://newcdn.fidibo.com/images/books/88128_62041_normal.jpg
7,ุฒูุฏฺฏ ุฏููุช ุฒูุงู ุขุบุงุฒ ูโุดูุฏ ฺฉู ูโููู ููุท ฺฉ ุฒูุฏฺฏ ุฏุงุฑ,ุฑุงูุงุฆู ฺูุฑุฏุงูู,ูุนุตููู ุฎุทุจ ุจุงฺฏ,"ฑฒ,ฐฐฐ ", ุงูุจุฑุฒ," ดท,ฐฐฐ ",ฑณนท/ฐฑ/ฑต, ูุงุฑุณ," 1.29 
                        "," ฒฐด 
                            ",978-964-442-995-8,None,ุฏุงุณุชุงู ู ุฑูุงู ุขููุงู,https://newcdn.fidibo.com/images/books/82587_47775_normal.jpg
8,ุฏุงุณุชุงูโูุง ฺฉูุชุงู ุงุฒ ูุงฺฏูุงุฑุชุฒ,ุฌ.ฺฉ ุฑูููฺฏ,ุงูู ุจูุฑูโููุฏ,None, ุขูุฑูุด ฺฉุชุงุจ ุงูฺฉุชุฑููฺฉ ูุฑูุฒุงู (ูุฏุจู),None,ฑณนต/ฐน/ฒณ, ูุงุฑุณ," 0.51 
                        "," ถณ 
                            ",None,"
                                     ุฏูุง ุฌุงุฏูฺฏุฑ ูโุชูุงูุฏ ุฏูุง ุณุงู ู ุฎุทุฑูุงฺฉ ุจุงุดุฏ. ูุฑุฏูุง ูุณุชูุฏ ฺฉู ุฏุฑ ุดุด ูุฌุง ูโุชูุงููุฏ ุจุงุนุซ ูุฑฺฏ ุดููุฏุ ูุนุฌููโูุง ูุณุชูุฏ ฺฉู ูุงุฏุฑูุฏ ุงุฎุชุงุฑ ุงูุฑุงุฏ ุฑุง ุณูุจ ฺฉููุฏ ู ุฌุงููุฑุงู ุฌุงุฏู ูุฌูุฏ ุฏุงุฑูุฏ ฺฉู ูโุชูุงููุฏ ุญุช ุฏูุงูุฑุชุฑู ุฌุงุฏูฺฏุฑุงู ุฑุง ุงุฒ ูพุง ุฏุฑ ุขูุฑูุฏ. ุจู ููู ุฏูู ุงุณุช ฺฉู ฺฉุงุฑูุง ุดุฌุงุนุงูู ู ุฏูุงูุฑโูุง ุฏุฑ ุฏูุง ุฌุงุฏูฺฏุฑ ุงููุช ู ูุฏุฑุช ุจุดุชุฑ ูพุฏุง ูโฺฉููุฏ.
ฺฏุฑูุชู ฺฉ ฺูุจุฏุณุช ุฏุฑ ุฏุณุช ูโุชูุงูุฏ ุจู ุดูุง ุฌุฑุฃุช ุจุฏูุฏ ุงูุง ุฏุฑ ุฏูุง ุฌุงุฏูฺฏุฑ ุจุฑุง ุงุชุฎุงุฐ ุชุตููโูุง ุดุฌุงุนุงูู ุจู ฺุฒ ุจุด ุงุฒ ุขู ูุงุฒ ุฏุงุฑุฏ. ุฏุฑ ุงู ูุฌููุนู ุงุฒ ุฏุณุชโููุดุชูโูุง ุฌ.ฺฉ.ุฑูููฺฏ ุดูุง ุฏุฑุจุงุฑู ุนุดูุ ุบู ู ุงูุฏูู ู ุงุนุชุจุงุฑ ููุดฺฏ ููุฑูุง ูฺฉโฺฏููฺฏุงูุ ุฏุฑุจุงุฑู ุณุฑููุดุช ุบูโุงูฺฏุฒ ุฑููุณ ูููพูุ ุฏุฑุจุงุฑู ุฑูุชุงุฑ ุจโููุงุญุธู ุณููุงููุณ ฺฉุชูโุจูุฑู ู ฺุฒูุง ุจุณุงุฑ ุฏฺฏุฑ ูุทุงูุนู ุฎูุงูุฏ ฺฉุฑุฏ.                                                                    ",ฺฉุชุงุจโูุง ุฑุงฺฏุงู ,https://newcdn.fidibo.com/images/books/64443_56387_normal.jpg
9,ฺฉุงูฺฉุง ุฏุฑ ฺฉุฑุงูู,ูุงุฑูฺฉ ููุฑุงฺฉุงู,ููุฏ ุบุจุฑุงุฆโ,"ตท,ฐฐฐ ", ููููุฑ," นต,ฐฐฐ ",ฑณธถ/ฑฐ/ฑต, ูุงุฑุณ," 3.82 
                        "," ถฐท 
                            ",978-964-448-350-9,ูฺฉุฑ ูโฺฉูุฏ ุฑูุฒ ุงู ุชูุงูุง ุฑุง ฺฉุณุจ ฺฉูุฏ ฺฉู ุจุง ฺฏุฑุจู ูุง ุตุญุจุช ฺฉูุฏุ ุง ุงูโฺฉู ุงููุงูุงุช ุฏุฑูู ุจู ุดูุง ุจฺฏูุฏ ฺฉู ุงูุงู ุจูุชุฑ ุงุณุช ฺู ฺฉุงุฑ ุงูุฌุงู ุฏูุฏุ ุงูุฑูุฒ ุจู ฺฉุฌุง ุจุฑูุฏ ู ุง ููุชุธุฑ ฺู ฺุฒ ุจุงุดุฏุ ุงุญุชูุงูุง ุงฺฏุฑ ุงู ฺฉุงุฑูุง ุฑุง ุงูุฌุงู ุฏูุฏุ ุงุฒ ูุธุฑ ุจูู ูุฑุฏ ุนุฌุจ ู ุบุฑุจ ุจู ูุธุฑ ูโุฑุณุฏ. ุงูุง ยซูุงฺฉุงุชุงยป ุงู ุชูุงูุง ุฑุง ูพุฏุง ฺฉุฑุฏู ุชุง ุฏุฑ ฺฉุชุงุจ ยซฺฉุงูฺฉุง ุฏุฑ ฺฉุฑุงููยป ุจุง ฺฏุฑุจูโูุง ุญุฑู ุจุฒูุฏ ู ุจุง ุงููุงูุงุช ุฏุฑููโุงุด ุฏุฑ ุฏูุง ููุงุฒ ฺฉู ยซูุงุฑูฺฉ ููุฑุงฺฉุงูยป ููุณูุฏู ูุดููุฑ ฺุงูพู ุฎูู ฺฉุฑุฏู ุฏุฑ ฺฉูุงุฑ ูพุณุฑ ุจู ูุงู ยซฺฉุงูฺฉุงยป ุฏุฑ ุฌูุงู ููุงุฒ ุฏฺฏุฑุ ุฒูุฏฺฏ ฺฉูุฏ.,ุฏุงุณุชุงู ู ุฑูุงู ุขุณุง ุดุฑู,https://newcdn.fidibo.com/images/books/1167_32120_normal.jpg
10,ุงูุณุงููโโูุง ุจุฏู ูุตูโโฺฏู,ุฌ.ฺฉ ุฑูููฺฏ,ูุญูุฏ ููุฑุงููู,None, ุจููุงู,None,ฑณธท/ฑฐ/ฑต, ูุงุฑุณ," 1.65 
                        "," นถ 
                            ",978-964-5668-50-9,ุฌุงุฏูุ ุดุงุฏ ุจุฑุง ุจุฑุฎ ุงุฒ ุงูุฑุงุฏ ุจโูุนู ู ุจุฑุง ุจุฑุฎ ุฏฺฏุฑ ูุงูุน ุจุงุดุฏ. ุฏุฑ ุฏูุง ฺฉู ุนูู ุฏุฑ ุขู ุญุงฺฉู ุงุณุชุ ุจู ูุธุฑ ููโุฑุณุฏ ุฌุงุฏู ู ุฌุงุฏูฺฏุฑ ุจุชูุงูุฏ ุญููุช ุจุงุจุฏ. ุงูุง ุดุงุฏ ุจู ุชุนุจุฑ ุฏฺฏุฑ ุจุชูุงู ฺฏูุช ุฌุงุฏู ููุงู ุงุญุณุงุณ ุงุณุช ฺฉู ุงูุฑุงุฏ ุจู ฺฉุฏฺฏุฑ ููุชูู ูโฺฉููุฏ. ุงูุฑุงุฏ ฺฉู ูุญุจุช ู ุนุดู ุฑุง ุจู ุฏฺฏุฑุงู ูโุฏููุฏ ุจโุดฺฉ ุฌุงุฏูฺฏุฑุงู ูุณุชูุฏ ฺฉู ููุจ ุขุฏู ุฑุง ูุงููุฏ ุฌู ุฒูุงู ู ุฑูุงู ูโุณุงุฒูุฏ. ุฏุฑ ุญุงู ฺฉู ูุฑฺฏุงู ุฎุดู ู ฺฉูู ุจู ุงูุณุงูโูุง ุฏุงุฏู ุดูุฏ ุงุฒ ุขููุง ุฎุจุซโุชุฑู ฺฉุงุฑูุง ุณุฑุฒุฏู ู ุฏูุง ุชุจุฏู ุจู ุฏูุฒุฎ ูโุดูุฏ.,ฺฉุชุงุจโูุง ุฑุงฺฏุงู ,https://newcdn.fidibo.com/images/books/62272_20349_normal.jpg
11,ุจุงุฏุจุงุฏฺฉโุจุงุฒ,ุฎุงูุฏ ุญุณู,ุบูุงูุฑุถุง ุงุณฺฉูุฏุฑ,"ฑธ,ฐฐฐ ",ูุฌุฏ," ดน,ฐฐฐ ",ฑณนต/ฑฐ/ฑต, ูุงุฑุณ," 2.54 
                        "," ดณฒ 
                            ",978-600-7987-29-2,"
                                    ุดุฎุตุช ูู ุจูโุดฺฉู ุงูุฑูุฒโุงุด ุฏุฑ ุฏูุงุฒุฏูโุณุงูฺฏโุงู ุฏุฑ ฺฉ ุฑูุฒ ุณุฑุฏ ุงุจุฑุ ุฏุฑ ุฒูุณุชุงู ุณุงู ฑนทต ุดฺฉู ฺฏุฑูุช. ุขูโูุญุธู ุฑุง ุฏููุงู ุจูโุงุฏ ุฏุงุฑู ฺฉู ูพุดุช ฺููโ ูุฎุฑูุจูโุง ฺูุจุงุชูู ุฒุฏู ู ุจูโุฏุงุฎู ฺฉูฺูโ ฺฉูุงุฑ ููุฑ ุฎโุฒุฏู ูฺฏุงู ูโฺฉุฑุฏู. ุณุงูุงู ุณุงู ุงุฒ ุขู ุฒูุงู ูโฺฏุฐุฑุฏุ ุงูุง ุฒูุฏฺฏ ุจู ูู ุขููุฎุช ฺฉู ุขูโฺู ุฏุฑุจุงุฑูโ ฺฏุฐุดุชู ู ุงูโฺฉู ฺูโุทูุฑ ูโุชูุงู ุฏููุด ฺฉู ูโฺฏููุฏุ ุฏุฑูุบ ุจุด ูุณุช. ุงุฒ ุงูโุฑู ุงู ุฑุง ูโฺฏูู ฺฉู ฺฏุฐุดุชู ุจู ูุฑ ููุชุ ูพูุฌูโฺฉุดุงู ุฑุงูุด ุฑุง ุจูโุณูุช ุจุงุฒ ูโฺฉูุฏ. ุญุงู ฺฉู ุจู ุนูุจ ูโูฺฏุฑูุ ุฏุฑูโุงุจู ฺฉู ุชูุงู ุจุณุช ู ุดุด ุณุงู ฺฏุฐุดุชู ุฑุง ุจู ุฏุฏุฒุฏู ุขู ฺฉูฺูโ ูุชุฑูฺฉ ุณูพุฑ ฺฉุฑุฏูโุงู.
ุฏุฑ ฺฉ ุงุฒ ุฑูุฒูุง ุชุงุจุณุชุงู ฺฏุฐุดุชูุ ุฏูุณุชูุ ุฑุญูโุฎุงู ุงุฒ ูพุงฺฉุณุชุงู ุจุง ูู ุชูุงุณ ฺฏุฑูุช. ุงุฒ ูู ุฎูุงุณุช ุจู ููุงูุงุชุด ุจุฑูู. ููุงูโุทูุฑ ฺฉู ฺฏูุดโุจูโุฏุณุช ุฏุฑ ุขุดูพุฒุฎุงูู ุงุณุชุงุฏู ุจูุฏูุ ุฎูุจ ูโุฏุงูุณุชู ฺฉู ุงู ููุท ุฑุญูโุฎุงู ูุณุช ฺฉู ุฏุฑ ุขูโุณู ุฎุท ุญุฑู ูโุฒูุฏุ ุงู ฺฏุฐุดุชูโ ุขฺฉูุฏู ุงุฒ ฺฏูุงูุงู ฺฉูุงุฑูโูุฏุงุฏูโุงู ุจูุฏ ฺฉู ุงุฒ ุขูโุณู ุฎุท ุจุง ูู ุญุฑู ูโุฒุฏ. ูพุณโุงุฒ ุขูโฺฉู ฺฏูุด ุฑุง ฺฏุฐุงุดุชูุ ุจุฑุง ูุฏูโุฒุฏูุ ฺฉูุงุฑ ุณุงุญู ุฏุฑุงฺูโ ุงุณูพุฑฺฉูุฒ ูุงูุน ุฏุฑ ุญุงุดูโ ุดูุงูู ฺฏูุฏูโฺฏุช ูพุงุฑฺฉ ุฑูุชู. ุขูุชุงุจ ุงูุงู ุจุนุฏุงุฒุธูุฑุ ุฑู ุณุทุญ ุขุจ ุฏุฑุงฺู ฺฉู ุฏูโูุง ูุงู ููุงุชูุฑ ุจุฑุฑู ุขู ุดูุงูุฑ ุจูุฏ ู ุจุง ูุณู ุฒูุฏูโุฏู ูพุด ุฑุงูุฏู ูโุดุฏูุฏุ ููุฑ ูโูพุงุดุฏ.                                                                    ",ุฏุงุณุชุงู ู ุฑูุงู ุขูุฑฺฉุง,https://newcdn.fidibo.com/images/books/65069_83318_normal.jpg
12,ุจุงูุฏุงุฏ ุฎูุงุฑ,"
 
                                                                                            
ูุชุงูู ุญุงุฌ ุณุฏ ุฌูุงุฏ(ูพุฑูู) ",None,"ฑธ,ฐฐฐ ", ุงูุจุฑุฒ," ธต,ฐฐฐ ",ฑณนต/ฐฑ/ฑต, ูุงุฑุณ," 2.76 
                        "," ดณน 
                            ",978-964-442-256-0,ุงฺฏุฑ ูพุง ุตุญุจุชโูุง ูุงุฏุฑูุง ู ูุงุฏุฑุจุฒุฑฺฏโูุง ูุดุณุชู ุจุงุดุฏุ ุญุชูุง ูุตูโูุง ุนุงุดูุงููโโ ุฒุจุง ุงุฒ ุฑูุฒฺฏุงุฑ ูุฏูยุดูุฏูโุงุฏุ ุฏุงุณุชุงู ุนุดูโูุง ูพุฑ ุณูุฒ ู ฺฏุฏุงุฒ ฺฉู ฺฏุงู ุณุฑุงูุฌุงู ุดุฑู ู ฺฏุงู ุชูุฎ ู ฺฏุฒูุฏู ุฏุงุดุชูโุงูุฏ. ุฏุงุณุชุงูโูุง ฺฉู ุจู ุจุฎุด ุงุฒ ูุฑููฺฏ ุนุงูุงูู ูุง ุงุฑุงูโูุง ุชุจุฏู ุดุฏูโุงูุฏ. ุฑูุงู ุจุงูุฏุงุฏ ุฎูุงุฑ ฺฉ ุงุฒ ููู ุฏุงุณุชุงูโูุงุณุช.ยุจุง ุขูฺฉู ุจุด ุงุฒ ุฏู ุฏูู ุงุฒ ุงููู ุงูุชุดุงุฑ ุขู ูโฺฏุฐุฑุฏุ ูููุฒ ูู ฺฉ ุงุฒ ูพุฑูุฑูุดโุชุฑู ุฑูุงูโูุง ูุงุฑุณ ุงุณุช.,ุฏุงุณุชุงู ู ุฑูุงู ุงุฑุงู,https://newcdn.fidibo.com/images/books/64128_52682_normal.jpg
13,ูพุฑููุฏู ูุฑ ฺฉุจุฑ,ฺูุฆู ุฏฺฉุฑ,ุขุฑุง ููุฑ,"ฑน,ฐฐฐ ", ุงูุจุฑุฒ," นน,ฐฐฐ ",ฑณนต/ฐฑ/ฑต, ูุงุฑุณ," 3.74 
                        "," ถดธ 
                            ",978-964-442-931-6,ุฏู ุจุฑุงููุ ฺฉ ุงุฒ ูุดููุฑุชุฑู ููุณูุฏฺฏุงู ฺุงูุฑ ูุนูุงุ ูโฺฏูุฏ:ยซุจุฑุง ููุดุชู ฺฉ ุฏุงุณุชุงู ูุนูุงุ ุชููุง ฺฉ ูฺฉุชู ุฑุง ุจู ุฎุงุทุฑ ุฏุงุดุชู ุจุงุดุฏุ ูููโ ฺุฒูุง ฺฉู ููโุฎูุงูุฏ ุฏุฑ ุฏุงุณุชุงู ุจููุณุฏ ุฑุง ุงุฏุฏุงุดุช ฺฉูุฏุ ุชุง ุจุชูุงูุฏ ุจู ุฐููโุชุงู ุฑูุด ุจุฏูุฏ ฺฉู ุงุฒ ุขูโูุง ุจุฑุง ููุดุชู ุฏุงุณุชุงู ุงุณุชูุงุฏู ูฺฉูุฏ.ยป,ุฏุงุณุชุงู ู ุฑูุงู ูุฑุงูุณู,https://newcdn.fidibo.com/images/books/7395_37108_normal.jpg
14,ฺฉูุงฺฏุฑ,ูพุงุฆููู ฺฉูุฆูู,ูุฑุฒุงูู ูุฑุฒุงุฏ,"ถ,ฒตฐ ", ุฏูุง ูู," ฑฒ,ตฐฐ ",ฑณนณ/ฐฑ/ฑต, ูุงุฑุณ," 1.01 
                        "," ฑถฐ 
                            ",978-964-172-096-6,ุฒูุฏฺฏ ุฏุฑ ุฏูุง ูุฏุฑู ุงฺฏุฑฺู ูุฒุงุง ุฎูุฏุด ุฑุง ุฏุงุฑุฏ ุงูุง ุจุงุนุซ ูุงุตูู ฺฏุฑูุชู ุขุฏู ุงุฒ ุฐุงุช ุฎูุฏุด ูู ุดุฏู ุงุณุช ู ููู ููุถูุน ุจุงุนุซ ุดุฏู ุจุณุงุฑ ุงุฒ ุงูุฑุงุฏ ุฏุฑ ุทูู ุฒูุฏฺฏโุดุงู ุฏุงุฆูุงู ุงุญุณุงุณ ุณุฑฺฏุฑุฏุงู ุฏุงุฑูุฏ. ุงู ุณุฑฺฏุฑุฏุงู ุฒูุงู ุจู ูพุงุงู ุฎูุงูุฏ ุฑุณุฏ ฺฉู ูุฑฺฉุณ ูุนูุง ุฒูุฏฺฏ ุฎูุฏ ุฑุง ูพุฏุง ฺฉูุฏุ ฺุฒ ฺฉู ูพุงุฆููู ฺฉูุฆูู ุฏุฑ ฺฉุชุงุจ ฺฉูุงฺฏุฑ ุขู ุฑุง ยซูุฃููุฑุช ุดุฎุตยป ูุงูุฏู ุงุณุช. ฺฉูุงฺฏุฑ ุฑุง ุจุฎูุงูุฏ ู ุฏูุจุงุฑู ุจู ูุนูุง ุฒูุฏฺฏ ุจูุฏุดุฏ.,ุฏุงุณุชุงู ู ุฑูุงู ุขูุฑฺฉุง ุฌููุจ,https://newcdn.fidibo.com/images/books/5287_73360_normal.jpg
15,ุฏุฎุชุฑ ฺฉู ูุงู ุฑุง ููุดุฏ,ฺฉู ุจุงุฑูโูู,ูุฑูุบ ููุตูุฑููุงุน,"ฒด,ฐฐฐ ", ูพุฑุชูุงู," ดธ,ฐฐฐ ",ฑณนถ/ฑฐ/ฐฑ, ูุงุฑุณ," 1.81 
                        "," ฒนถ 
                            ",978-600-8347-81-1,"
                                    ุฒุงูู ูพุฑุ ุฌุงุฏูฺฏุฑ ุฏูโุฑุญู ุงุณุช ฺฉู ุจู ููุฒุงุฏุงู ูุฑุจุงู ู ุฑูุงุดุฏู ุฏุฑ ุฌูฺฏู ฺฉูฺฉ ูโฺฉูุฏ ู ุขูโูุง ุฑุง ุฏุฑ ุทุฑู ุฏฺฏุฑ ุฌูฺฏู ุจู ุฎุงููุงุฏูโูุง ูโุณูพุงุฑุฏ ฺฉู ุชูุงูุง ูฺฏูโุฏุงุฑ ุงุฒุดุงู ุฑุง ุฏุงุดุชู ุจุงุดูุฏ.
ูุงุฌุฑุง ุงุฒ ุฑูุฒ ุดุฑูุน ูโุดูุฏ ฺฉู ุฒุงู ุจู ุฌุง ููุฑ ุณุชุงุฑูุ ููุฑ ูุงู ุฑุง ุจู ฺฉ ุงุฒ ููุฒุงุฏุงู ูโุฎูุฑุงูุฏ. ุฒุงู ุจูโุฎูุจ ูโุฏุงูุฏ ฺฉู ูุจุงุฏ ูุฏุฑุช ุฌุงุฏู ูุงู ุฑุง ุฏุณุชโฺฉู ุจฺฏุฑุฏ ู ููุฒุงุฏ ุฑุง ุจู ุญุงู ุฎูุฏ ุฑูุง ฺฉูุฏุ ูพุณ ฺุงุฑูโุง ูโุงูุฏุดุฏ ุชุง ููุฒุงุฏ ุจุง ูุฏุฑุช ฺฉู ุฏุงุฑุฏุ ุจู ุฎูุฏุด ู ุฏฺฏุฑุงู ุขุณุจ ูุฑุณุงูุฏ. ุงูุง ฺฺฏููู ูโุชูุงู ูุงูุน ูุฏุฑุช ูุงู ุดุฏุ                                                                    ",ููุฌูุงู,https://newcdn.fidibo.com/images/books/98081_50375_normal.jpg
16,ฑนธด,ุฌูุฑุฌ ุงูุฑููโ,ุตุงูุญ ุญุณู,"ดฐ,ธฐฐ ", ููููุฑ," ถธ,ฐฐฐ ",ฑณถฑ/ฑฐ/ฑต, ูุงุฑุณ," 2.06 
                        "," ฒทฒ 
                            ",978-964-448-044-7,ุฌุงูุนูโุง ุฑุง ุชุตูุฑ ฺฉูุฏ ฺฉู ุฏุฑ ุขู ูฺ ูุงููู ูุฌูุฏ ูุฏุงุดุชู ุจุงุดุฏุ ุขู ุฌุงูุนู ุงุฒ ูฺฏุงู ุดูุง ฺู ุดฺฉู ุงุณุชุ ุงฺฉููู ุฌุงูุนูโุง ุฑุง ุชุตูุฑ ฺฉูุฏ ฺฉู ุฏุฑ ุขู ููุงูู ุณุฎุช ู ุณูฺฏู ูุฌูุฏ ุฏุงุฑูุฏุ ููุงูู ฺฉู ุญุช ูฺฉุฑ ฺฉุฑุฏู ุดูุง ุฑุง ูู ฺฉูุชุฑู ูโฺฉููุฏ ู ุดูุง ุฑุง ุชุจุฏู ุจู ฺฉ ูุงุดู ุจโูุบุฒ ูโฺฉููุฏุ ุขู ุฌุงูุนู ุงุฒ ูฺฏุงู ุดูุง ฺู ุดฺฉู ุงุณุชุ,ุฏุงุณุชุงู ู ุฑูุงู ุงูฺฏูุณ,https://newcdn.fidibo.com/images/books/1112_58914_normal.jpg
17,ูุฑุดุฏ ู ูุงุฑฺฏุงุฑุชุง,ูุฎุงุฆู ุจููฺฏุงฺฉู,ูพุฑูุฒ ุดูุฏโ,"ฒต,ฐฐฐ ",ูุฌุฏ," ทต,ฐฐฐ ",ฑณนต/ฑฒ/ฑต, ูุงุฑุณ," 3.19 
                        "," ถฒด 
                            ",978-600-7987-27-8,ุฑูุณู ุฏุฑ ูุฑู ููุฒุฏูู ู ุจุณุชูุ ุฏุฑ ฺฏุฐุฑ ุงุฒ ุจูุฑฺูุงุฒ ุชุง ฺฉูููุณู ููุณูุฏฺฏุงู ุฑุง ุจู ุงุฏุจุงุช ุฌูุงู ูุนุฑู ฺฉุฑุฏ ฺฉู ุขุซุงุฑุดุงู ุฎูุงููุฏู ุฑุง ุจู ูุฌุฏ ูโุขูุฑุฏ. ูุฑุดุฏ ู ูุงุฑฺฏุฑุชุง ุจููฺฏุงฺฉู ฺฉ ุงุฒ ููุงู ุฑูุงูโูุง ุฌุฐุงุจ ู ูพฺุฏูโ ุฑูุณ ุงุณุช ฺฉู ุนูุงุตุฑ ููุณูุ ุนุงุดูุงููุ ูุงูุชุฒ ู ฺฉู ุทูุฒ ุฑุง ููุฒูุงู ุจุง ูู ุฏุฑ ุจุณุชุฑ ุฏุงุณุชุงู ูพุฑฺฉุดุด ู ุฎูุงูุฏู ุฏุฑ ุงุฎุชุงุฑ ุฎูุงููุฏู ูโฺฏุฐุงุฑุฏ. ฺฉุชุงุจ ฺฉู ูโุชูุงู ุจู ุขู ููุจ ฺฉ ุงุฒ ุดุงูฺฉุงุฑูุง ุงุฏุจ ูุฑู ุจุณุชู ุฑุง ุฏุงุฏ. ,ุฏุงุณุชุงู ู ุฑูุงู ุฑูุณู,https://newcdn.fidibo.com/images/books/68358_12909_normal.jpg
18,ุจุงุฏุจุงุฏฺฉ ุจุงุฒ,ุฎุงูุฏ ุญุณู,ููุฏ ุบุจุฑุงุฆโ,"ดถ,ฒฐฐ ", ููููุฑ," ทท,ฐฐฐ ",ฑณธต/ฑฐ/ฑต, ูุงุฑุณ," 2.36 
                        "," ณถธ 
                            ",978-964-448-297-7,ุงู ุฑูุงู ุดูุง ุฑุง ุจุง ฺฉ ููุณูุฏู ุงูุบุงูุณุชุงูยุขุดูุง ู ฺฉูุฏ ฺฉู ุฏุบุฏุบููุงุด ุฏุฑ ููุดุชููุงุด ฺฉุงููุงู ูุดุฎุต ุงุณุช. ุฎุงูุฏ ุญุณู ููุณูุฏูุง ุงุณุช ฺฉู ุจุง ูฺฏุงุฑุด ฺฉุชุงุจยุชูุงูุณุชู ุตุฏุง ูุฑุฏู ุงูุบุงู ุฑุง ุจู ฺฏูุด ุฌูุงู ุจุฑุณุงูุฏ. ุฏุฑ ุงุฏุงูู ุจุง ูุง ููุฑุงู ุจุงุดุฏ ุชุง ุฏุฑ ููุฑุฏ ฺฉุชุงุจ ฺฉู ุฏุฑ ุฏูุง ุณุฑ ู ุตุฏุง ุฒุงุฏ ฺฉุฑุฏู ุจุดุชุฑ ุตุญุจุช ฺฉูู.,ุฏุงุณุชุงู ู ุฑูุงู ุขูุฑฺฉุง,https://newcdn.fidibo.com/images/books/1118_75576_normal.jpg
19,ฺฉูุฏุฑ,"
 
                                                                                            
ูุญููุฏ ุฏููุชโุขุจุงุฏ ",None,"ฒณ,ฐฐฐ ", ูุฑููฺฏ ูุนุงุตุฑ,None,ฑณธท/ฑฐ/ฑต, ูุงุฑุณ," 3.89 
                        "," ทตด 
                            ",978-964-8637-60-1,ุฒูุงู ฺฉู ููุฑุณุชโูุง ุขุซุงุฑ ูุงูุฏฺฏุงุฑ ุงุฏุจุงุช ุฏุงุณุชุงู ุงุฑุงู ุฑุง ุจุง ุฒุงูู ุฏุฏูุง ูุฎุชูู ุจุฑุฑุณ ูโฺฉููุ ฺฉ ุงุฒ ูุงูโูุง ฺฉู ุฏุฑ ุชุนุฏุงุฏ ุฒุงุฏ ุงุฒ ุงู ููุฑุณุชโูุง ุฏุฏู ุฎูุงูุฏ ุดุฏุ ุฑูุงู ฺฉูุฏุฑ ููุดุชู ูุญููุฏ ุฏููุชโุขุจุงุฏ ุงุณุช.ยูุญููุฏ ุฏููุชโุขุจุงุฏยุจู ููุฑุงู ูู ูุณูุดุงู ูุซู ุตุงุฏู ูุฏุงุชุ ุตุงุฏู ฺูุจฺฉ ู ุจุฒุฑฺฏ ุนูู ููุด ุนูุฏูโุง ุฏุฑ ุดฺฉูโฺฏุฑ ุงุฏุจุงุช ูุงุฑุณ ุฏุงุดุชูุฏ. ูุถุงูู ุงุฌุชูุงุน ู ุณุงุณ ุฏุฑ ุงุฏุจุงุช ุงู ูุณู ุงุฒ ููุณูุฏฺฏุงู ุจู ูุถูุญ ุฏุฏู ูโุดูุฏ ู ุฏุบุฏุบูโูุง ูุฑุงุชุฑ ุงุฒ ููุงู ู ุฑูุงุช ูุตู ุฏุฑ ฺฉุชุงุจโูุงุดุงู ูุทุฑุญ ุดุฏู ุงุณุช. ุงูุฏุดูโ ุชุบุฑ ู ุจูุจูุฏ ุดุฑุงุท ุงุฌุชูุงุน ฺฉุดูุฑ ุฏุฑ ุงู ูุณู ููุฌุฑ ุจู ุขูุฑูุด ุขุซุงุฑ ฺฏุฑุงูโุจูุง ุฏุฑ ุงุฏุจุงุช ูุงุฑุณ ุดุฏ ฺฉู ูููุฒ ูู ุงููุงูโุจุฎุด ุจุณุงุฑ ุงุฒ ููุณูุฏฺฏุงู ู ุฑูุดููฺฉุฑุงู ุงุณุช.  ,ุฏุงุณุชุงู ู ุฑูุงู ุงุฑุงู,https://newcdn.fidibo.com/images/books/79469_13896_normal.jpg
20,ุจูุงุฑ ุฎุงููุด,ุงูฺฉุณ ูุงฺฉูุฏุณ,ุณุงูุงุฒ ุฌูุงู ุจฺฏูุฑ,"ฑด,ฐฐฐ ", ุงูุจุฑุฒ," ถต,ฐฐฐ ",ฑณนธ/ฑฐ/ฑต, ูุงุฑุณ," 2.13 
                        "," ณธธ 
                            ",978-622-235-122-9,ุฏุฑ ุฒูุฏฺฏ ุฎูุฏ ุงูุณุงูโูุง ุฑุง ูโุจูู ฺฉู ุฏุฑ ุธุงูุฑ ุฒูุฏฺฏ ุงุฑุงู ู ุจโููุต ุฏุงุฑูุฏ ู ุขูโูุง ุฑุง ุฎูุดุจุฎุช ุชุตูุฑ ูโฺฉููุ ูฺฏุงู ูุง ูุณุจุช ุจู ุจุณุงุฑ ุงุฒ ุจุงุฒฺฏุฑุงู ู ููุฑููุฏุงู ุงูโฺฏููู ุงุณุช. ุงูุง ฺฏุงู ุงููุงุช ุฎุจุฑูุง ููููุงฺฉ ุฏุฑุจุงุฑู ุฒูุฏฺฏ ุขูโูุง ูโุดููู ู ูพุณ ุงุฒ ุขู ุจูุชโุฒุฏู ู ุดูฺฉู ูโุดูู. ุซุฑูุช ู ุดูุฑุช ูุฒููุง ููุฌุจ ุฎูุดโุจุฎุช ุงูุณุงูโูุง ููโุดูุฏ ู ุจุณุงุฑ ุงุฒ ุงูุฑุงุฏ ฺฉู ุธุงูุฑ ุนุงุฏ ู ุดุงุฏ ุฏุงุฑูุฏุ ููฺฉู ุงุณุช ุงุฒ ุงูุณุฑุฏฺฏ ุดุฏุฏ ุฑูุฌ ุจุจุฑูุฏ. ฺฉุชุงุจ ุจูุงุฑ ุฎุงููุด ุฏุงุณุชุงู ูุฑุฏ ุจู ูุงู ุขูุดุง ุจุฑูุณูู ุงุณุช ฺฉู ุจู ูุธุฑ ูโุฑุณุฏ ุฒูุฏฺฏย ุฒุจุง ุจุง ููุณุฑุด ุฏุงุฑุฏุ ุขู ุฏู ุจุง ฺฉโุฏฺฏุฑ ุฏุฑ ุฎุงููโุง ูุฌูู ุฏุฑ ฺฉ ุงุฒ ุจูุชุฑู ูุญูุงุช ุดูุฑ ููุฏู ุฒูุฏฺฏ ูโฺฉููุฏ ุงูุง ุชุฑุงฺุฏ ููููุงฺฉ ุฑุฎ ูโุฏูุฏ ฺฉู ููฺฏุงู ุฑุง ุฏฺุงุฑ ุดฺฏูุช ูโฺฉูุฏ.,ุฏุงุณุชุงู ู ุฑูุงู ุงูฺฏูุณ,https://newcdn.fidibo.com/images/books/97016_40541_normal.jpg
21,ุฎูุจ,ุณููุงู ฺูุงู,ูุนูู ุญุณู,"ณณ,ฐฐฐ ", ูพุฑุชูุงู," ถธ,ฐฐฐ ",ฑณนน/ฐฑ/ฑต, ูุงุฑุณ," 6.34 
                        "," ตณณ 
                            ",978-600-8111-97-9,ูุฑ ฺูุงุฑ ุณุงู ฺฉโุจุงุฑ ุฏุฑ ุงุฒุฏููู ุฑูุฒ ุงุฒุฏููู ูุงูุ ุงุชูุงู ููููุงฺฉ ุฏุฑ ุฑูุณุชุง ุฑุฎ ูโุฏูุฏ. ุฑูุณุชุงุงู ุจุงูุฑ ุฏุงุฑูุฏ ฺฉู ูุฏุฑ ฺฉ ูุฏุฑุณู ุงุณุฑุงุฑุขูุฒ ุจู ุฏูฺฉุฏู ุขูโูุง ูโุขุฏ ู ุฏู ุฏุฎุชุฑ ุจุงูุง 12 ุณุงู ุฑุง ุจุง ุฎูุฏ ูโุฏุฒุฏุฏ. ฺฉ ุงุฒ ุขูโูุง ูุฑุงุฑ ุงุณุช ฺฉุงุฑูุง ูฺฉ ุงุฏ ุจฺฏุฑุฏ ู ุจุง ุดุงูุงู ู ุงูุณุงูโูุง ุจุฒุฑฺฏ ูุดุณุช ู ุจุฑุฎุงุณุช ฺฉูุฏ ู ุฏฺฏุฑ ูุฑุงุฑ ุงุณุช ุฌุงุฏู ู ุทูุณู ุจุงููุฒุฏ ู ุจู ูุณูู ุขู ูุฑุฏู ุฑุง ูุนู ู ููุฑู ฺฉูุฏ ู ูฺฏุฐุงุฑุฏ ุฑูุฒ ุฎูุด ุฏุงุดุชู ุจุงุดูุฏ. ูุฑ ฺูุงุฑ ุณุงู ฺฉ ุจุงุฑ ุฏู ููุฑ ุงุฒ ุฏุฎุชุฑุงู ุง ูพุณุฑุงู ุฑูุณุชุง ุจู ุงุณุงุทุฑ ู ุงูุณุงููโูุง ูโูพููุฏุฏ. ููฺฏุงู ูโฺฏููุฏ ฺฉู ุงููู ุจุงุฑ ฺูู ุงุชูุงู ุฏุฑ ุฏูุณุช ุณุงู ูพุด ุฑุฎ ุฏุงุฏู ุงุณุช.,ฺฉูุฏฺฉ,https://newcdn.fidibo.com/images/books/99488_41866_normal.jpg
22,ุฏุงโุฌุงู ูุงูพูุฆูู ,"
 
                                                                                            
ุงุฑุฌ ูพุฒุดฺฉโุฒุงุฏ ",None,"ณฐ,ฐฐฐ ", ูุฑููฺฏ ูุนุงุตุฑ," ทฐ,ฐฐฐ ",ฑณนถ/ฑฐ/ฑต, ูุงุฑุณ," 2.97 
                        "," ถนถ 
                            ",978-600-105-119-7,ุทูุฒููุณ ุฏุฑ ุงุฏุจุงุช ุงุฑุงู ุณุงุจููโุง ุฏุฑููโ ุฏุงุฑุฏ. ุงุฒ ุฒูุงู ฺฉู ยซุนุจุฏ ุฒุงฺฉุงูยป ููุธููู ยซููุด ู ฺฏุฑุจูยป ุฑุง ุณุฑูุฏ ุชุง ุงูุฑูุฒุ ุขุซุงุฑ ุทูุฒ ูุงูุฏฺฏุงุฑ ุฏุฑ ุงุฏุจุงุช ูุงุฑุณ ููุดุชู ุดุฏู ุงุณุช. ุชุนุฏุงุฏ ุฒุงุฏ ุงุฒ ุงู ุขุซุงุฑ ุทูุฒ ุงุฒ ุณูุงุญ ููู ุจุฑุง ุจุงู ุถุนูโูุง ุฌุงูุนู ุงุณุชูุงุฏู ฺฉุฑุฏูโุงูุฏ ู ุงู ุดููโ ููุฏ ุงุฌุชูุงุน ุงุฒ ุงุฏุจุงุช ฺฉูุงุณฺฉ ุจู ุงุฏุจุงุช ูุนุงุตุฑ ูู ุฑุณุฏู ุงุณุช. ุฏุง ุฌุงู ูุงูพูุฆูู ุจู ููู ุงุฑุฌ ูพุฒุดฺฉุฒุงุฏ ููุญุตุฑุจูโูุฑุฏุชุฑู ุฏุงุณุชุงู ูุนุงุตุฑ ูุงุฑุณ ุงุณุช ฺฉู ุจุง ุฒุจุงู ุทูุฒ ูุฑุฏู ู ุขุฏุงุจ ู ุฑุณูู ุนุงูุงููโ ุฌุงูุนูโ ุฏููโ ฺูู ุงุฑุงู ุฑุง ููุฏ ฺฉุฑุฏู ุงุณุช.ย,ุฏุงุณุชุงู ู ุฑูุงู ุงุฑุงู,https://newcdn.fidibo.com/images/books/81059_78299_normal.jpg
23,ุดุฑู ุจูุดุช,ุฌุงู ุงุดุชุงู ุจฺฉ,ูพุฑูุฒ ุดูุฏโ,"ฒต,ฐฐฐ ",ูุฌุฏ," ฑดน,ฐฐฐ ",ฑณธท/ฑฒ/ฑต, ูุงุฑุณ," 4.73 
                        "," ทธด 
                            ",978-964-453-101-9,ุตูุงุช ููู ุงูุณุงู ู ูุจุฑุฏ ุจโูพุงุงู ุฎุฑ ู ุดุฑ ููโฺูุงู ฺฉ ุงุฒ ูุถุงูู ุงุตู ููุดุชูโูุง ู ุขุซุงุฑ ููุฑ ุงุณุช. ุฏุฑ ุฑูุงู ุดุฑู ุจูุดุชุ ุฌุงู ุงุดุชุงู ุจฺฉ ุจุง ุงููุงู ุงุฒ ุฏุงุณุชุงู ยซูุงุจูยป ู ยซูุงุจูยป ุณุน ุฏุฑ ูุดุงู ุฏุงุฏู ุชุจุนุถโูุง ุฎุงููุงุฏฺฏ ู ุญุณุฏ ุจู ุจุฑุงุฏุฑุงู ุฏุงุฑุฏ. ุ ุฌุงู ุงุดุชุงู ุฏุฑ ฺฉุชุงุจ ุดุฑู ุจูุดุช ุชูุงุด ฺฉุฑุฏู ุงุณุช ุชุง ุฏูุจุงุฑู ุงูุณุงู ุฑุง ุฏุฑ ูููุนุช ุงูุชุฎุงุจ ุจู ุฎุฑ ู ุดุฑ ูุฑุงุฑ ุฏูุฏ ู ูุดุงู ุฏูุฏ ฺฉู ูฺฉ ููุดู ุจุฑูุฏูโ ุงู ูุฏุงู ูุจุงุฑุฒู ูุณุช.,ุฏุงุณุชุงู ู ุฑูุงู ุขูุฑฺฉุง,https://newcdn.fidibo.com/images/books/7006_49839_normal.jpg
24,ุฏูุง ูุนุฑฺฉูโ ุชุงู ฺฏุชุณ,ูุฒ ูพุดูู,ุขุชูุณุง ุตุงูุญ,"ดต,ฐฐฐ ", ุงูู," ทต,ฐฐฐ ",ฑณนต/ฐฑ/ฑต, ูุงุฑุณ," 24.09 
                        "," ฒตถ 
                            ",978-964-369-987-1,ุชุงู ฺฏุชุณ ฺฏูุชู ุงู ฺฉุชุงุจ ุฑุง ูุฎูุงูุฏ ุงฺฏุฑ ุดูุง:,ููุฌูุงู,https://newcdn.fidibo.com/images/books/64175_52138_normal.jpg
25,ูุงู ุนุงุดูุงูู ูุง ุชูุงูุด ูโฺฉูู,ฺฉุงูู ูููุฑ,ุขุฑุชููุณ ูุณุนูุฏ,"ตฐ,ฐฐฐ ", ุขููุช," ดต,ฐฐฐ ",ฑณนท/ฐฑ/ฐฑ, ูุงุฑุณ," 2.11 
                        "," ณธด 
                            ",978-600-384-030-0,"
                                    ๐ธฺฏุงู ุงููุงุช ฺฉุณ ฺฉู ุฏูุณุชุช ุฏุงุฑุฏ ุจุดุชุฑ ุงุฒ ููู ุขุฒุงุฑุช ูโุฏูุฏ๐ธ
ูู ุฎู ุจู ูุฑฺฏ ูฺฉุฑ ูโฺฉููุ ุจูโุฎุตูุตุ ุงูุฑูุฒ ฺฉู ุชุงุฒู ูู ููู ุฏูุงุฒุฏู ุณุงุนุช ูพุด ูู ุฌุงูุงููโุชุฑู ุณุฎูุฑุงู ุชูุฌุฏ ุฏุฑ ูุฑุงุณู ุฎุงฺฉุณูพุงุฑ ุฑุง ฺฉู ุงูุงู ูพูุชูุฑุง  ูู ุชุงฺฉููู ุดุงูุฏุด ุจูุฏูโุงูุฏุ ุงุฑุงุฏ ฺฉุฑุฏูโุงู. ุฎุจุ ุดุงุฏ ุฌุงูุงููโุชุฑู ุณุฎูุฑุงู ูุจูุฏ ู ูโุชูุงูุณุช ูุงููููโุชุฑู ุณุฎูุฑุงู ูู ุจู ุญุณุงุจ ุจุงุฏ. ูฺฉุฑ ูโฺฉูู ุจุณุชฺฏ ุจู ุงู ุฏุงุฑุฏ ฺฉู ูุธุฑ ูุงุฏุฑู ุฑุง ุจูพุฑุณุฏ ุง ูุธุฑ ูุฑุง. ูุงุฏุฑู ฺฉู ุงุญุชูุงูุงู ุชุง ฺฉ ุณุงูุ ุจุง ูู ุตุญุจุช ูุฎูุงูุฏ ฺฉุฑุฏ.
ุณูุกุชูุงูู ูุดูุฏุ ุณุฎูุฑุงู ูู ูุงููุฏ ุณุฎูุฑุงู ุฎูุงูุฑ ุงุณุชู ุฌุงุจุฒ ุง ุจุฑุงุฏุฑ ูพุช ุชููู ุฏุฑ ูุฑุงุณู ุฎุงฺฉุณูพุงุฑ ุขูโูุง ูุจูุฏ ฺฉู ุฏุฑ ุชุงุฑุฎ ุซุจุช ุดูุฏ ุงูุง ุฏุฑ ููุน ุฎูุฏุ ูพุฑุดูุฑ ุจูุฏ.
ุงููุด ูุถุทุฑุจ ุจูุฏู. ูุฑฺู ูุจุงุดุฏ ูุฑุงุณู ุฎุงฺฉุณูพุงุฑ ุงูุฏุฑู ุจููู ุชุญุณูโุจุฑุงูฺฏุฒ ุจูุฏุ ุดูุฑุฏุงุฑ ูุญุจูุจ ุดูุฑ ุฒุงุฏฺฏุงูู ูพูุชูุฑุง ููุ ุตุงุญุจ ููููโุชุฑู ุขฺุงูุณ ุงููุงฺฉ ู ูุณุชุบูุงุช ุดูุฑุ ููุณุฑ ุฌู ุจููู ูุญุจูุจ ฺฉู ูุงุจู ุงุญุชุฑุงูโุชุฑู ฺฉูฺฉ ูุฏุฑุณ ฺฉู ูพูุชูุฑุงุณุช ู ูพุฏุฑูู ุจููู ู ููุงู ุฏุฎุชุฑ ุนุฌุจ ู ุบุฑุจ ุจุง ูููุง ูุฑูุฒ ุขุดูุชู ฺฉู ุฑูุฒ ุนุงุดู ฺฉ ูุฑุฏ ุจโุฎุงููุงู ู ูุงูโ ุดุฑูุณุงุฑ ฺฉู ุฎุงููุงุฏู ุดุฏ.
ุขู ูู ุจูุฏู. ูู ูู ุจููู ูุณุชู ู ุงูุฏุฑู ูพุฏุฑู ุจูุฏ.
ุงูุฑูุฒ ุจู ูุญุถ ุงูฺฉู ุฏุฑ ูุฑุงุณู ุฎุงฺฉุณูพุงุฑ ุฏุฑ ุฌุงฺฏุงู ุชูุฌุฏ ุงุฒ ุงู ุตุญุจุช ฺฉุฑุฏูุ ฺฉ ุจูุท ููุงูพูุงุ ูุณุชูู ุจู ููุตุฏ ุจูุณุชูู ฺฏุฑูุชู ู ุงููู ูพุดุช ุจุงู ุจููุฏ ุฑุง ฺฉู ุชูุงูุณุชู ูพุฏุง ฺฉููุ ุชุตุงุญุจ ฺฉุฑุฏู. ุจุงุฒ ููุ ูู ุจู ุงู ุนูุช ฺฉู ุงูู ุฎูุฏฺฉุด ูุณุชู. ูู ูฺ ูุตุฏ ุจุฑุง ุขูฺฉู ุฎูุฏู ุฑุง ุงุฒ ุงู ุจุงูุง ูพุฑุช ฺฉููุ ูุฏุงุฑู. ููุท ุจุฑุง ุงู ุจู ุงูุฌุง ุขูุฏู ฺฉู ูุงูุนุง ุจู ููุง ุชุงุฒู ู ุณฺฉูุช ูุงุฒ ุฏุงุดุชู ู ุขูพุงุฑุชูุงู ูุนูุชโุงู ุฏุฑ ุทุจูู ุณูู ุจู ูุถุง ุขุฒุงุฏ ุฏุณุชุฑุณ ูุฏุงุฑุฏ ู ููโุงุชุงูโุงู ุฏูุณุช ุฏุงุฑุฏ ูุฏุงู ุตุฏุง ุขูุงุฒ ุฎูุฏุด ุฑุง ุจุดููุฏ.                                                                    ",ุฏุงุณุชุงู ู ุฑูุงู ุขูุฑฺฉุง,https://newcdn.fidibo.com/images/books/79438_37019_normal.jpg
26,ูุฑุฑูุฒ ุตุจุญ ุฑุงู ุฎุงูู ุฏูุฑุชุฑ ู โุฏูุฑุชุฑ ูโุดูุฏ,ูุฑุฏุฑฺฉ ุจฺฉูู,ุงููุงู ุฑุนุง,"ฑฐ,ฐฐฐ ", ููู," ฑธ,ฐฐฐ ",ฑณนต/ฑฐ/ฑต, ูุงุฑุณ," 0.41 
                        "," ทฐ 
                            ",978-600-7141-88-5, ,ุฏุงุณุชุงู ู ุฑูุงู ุณุงุฑ ฺฉุดูุฑูุง,https://newcdn.fidibo.com/images/books/65906_25497_normal.jpg
27,ุดูุดุฑ ุณุฑููุดุช,ุขูุฌ ุณูพฺฉููุณฺฉ,ุณูุง ุทุงูุณโูุณุฑูุฑ,"ฑต,นฐฐ ",ุขุฐุฑุจุงุฏ," ดฐ,ฐฐฐ ",ฑณนท/ฐด/ฑต, ูุงุฑุณ," 2.59 
                        "," ดฒด 
                            ",978-600-8537-47-2,"
                                    ุขุจููโุฑู ฺฏูุช: ยซุญุฏุงูู ุณฺฉูโูุงููู ุณุฑุฌุงุดูู ูููุฏูุ ฺฉุณ ูุณุช ฺฉู ุจุฑุง ฺฉุดุชู ุจุงุณูุณฺฉ ุจูุด ูพูู ุจุฏู. ุจูุชุฑู ุฏฺฏู ุจุฑุฏ ุฎูููุ ุงูุง ุฏุฑ ููุฑุฏ ูุณุงู ู ุงุณุจ ุงูู ุงูุณููฺฏุฑ... ุฎูุจ ูุณุช ฺฉู ูุฏุฑ ุจุดู.ยป
ูุตุงุจ ฺฏูุช: ยซุขุฑูุ ูุงุฏุงู ุฎูุจู ู ุฎูุฑุฌูโูุงุด ูพูุฑู. ุจุงู ู ูฺฏุงู ุจูุฏุงุฒู.ยป
- ฺูโฺฉุงุฑ ุฏุงุฑุฏ ูโฺฉูุฏุ
ูุฑุฏ ุขุจููโุฑู ุจุง ูุญู ุชูุฏุฏุขูุฒ ฺฏูุช: ยซุฎูู ุดูุ ฺฉุฏุฎุฏุง. ูุฒุงุญู ูุดูุ ูฺฏุฑูู ู ูุดุช ูโุขุฏ ุชู ุตูุฑุชุช.ยป
ูุตุงุจ ุชฺฉุฑุงุฑ ฺฉุฑุฏ: ยซูุงุฏุงู ุฎูุจู.ยป
- ุงุฒ ุงุณุจ ุฏูุฑ ุดูุ ุนุฒุฒ ูู.
ูุตุงุจ ุจูโุขุฑุงู ุณูุช ุบุฑุจูโุง ฺฉู ูุงฺฏูุงู ุงุฒ ูพุดุช ฺฉ ุฏูุงุฑ ูุฑูุฑุฎุชู ุณุฑ ุฏุฑุขูุฑุฏู ุจูุฏ ุจุฑฺฏุดุชุ ุฏุฑุณุช ูพุดุช ุฌูุนุช ฺฉู ุฌูู ูุฑูุฏ ุชููู ุงุณุชุงุฏู ุจูุฏูุฏ. ุบุฑุจู ูููุง ููููโุง ูุฌุนุฏ ู ูพุฑูพุดุช ุฏุงุดุชุ ุฒุฑ ฺฉุช ฺฉุชุงู ฺฏุดุงุฏุด ููโุชููโุง ุจู ุฑูฺฏ ููููโุง ุชุฑู ูพูุดุฏู ุจูุฏุ ููุฑุงู ุจุง ฺฺฉููโูุง ุจููุฏ ูุฎุตูุต ุณูุงุฑ. ูุณูุญ ูุจูุฏ.
ุงู ุจุง ูุจุฎูุฏ ุชูุฏุฏุขูุฒ ุชฺฉุฑุงุฑ ฺฉุฑุฏ: ยซุงุฒ ุงุณุจ ุฏูุฑ ุดู. ุงูุฌุง ฺ ุฏุงุฑูุ ู ุงุณุจ ู ุฎูุฑุฌูุด ฺฉู ูุชุนูู ุจู ฺฉุณ ุฏฺฏูโุง ูุณุชูุ ุงูุง ุดูุง ุจุง ุทูุน ุจูุด ฺุดู ุฏูุฎุชู ู ูโุฎูุงู ุจูุด ุฏุณุชุจุฑุฏ ุจุฒูุฏ. ุงู ฺฉุงุฑู ุดุฑุงูุชููุฏุงููโุงูุยป
ุขุจููโุฑู ุขุฑุงู ุฏุณุชุด ุฑุง ุฏุงุฎู ูพุงูุชู ุฎูุฏ ูุฑูุจุฑุฏ ู ุจู ูุตุงุจ ูฺฏุงู ุงูุฏุงุฎุช. ูุตุงุจ ุฑู ุจู ุฌูุนุช ุฏุณุช ุชฺฉุงู ุฏุงุฏุ ุจุง ุงุดุงุฑูโ ุงูุ ุฏู ุฌูุงู ููโูฺฉู ุจุง ูููุง ฺฉูุชุงู ุฎุงุฑุฌ ุดุฏูุฏ. ูุฑ ุฏู ฺูุงูโูุง ุณูฺฏู ุจู ุฏุณุช ุฏุงุดุชูุฏุ ูุซู ุขูโูุง ฺฉู ุจุฑุง ุจโููุด ฺฉุฑุฏู ุญูุงูุงุช ุฏุฑ ฺฉุดุชุงุฑฺฏุงู ุงุณุชูุงุฏู ูโุดููุฏ.
ูุฑุฏ ุขุจููโุฑู ุฏุฑุญุงูโฺฉู ุฏุณุชุด ุฑุง ุฏุงุฎู ูพุงูุชู ูฺฏูโุฏุงุดุชู ุจูุฏุ ฺฏูุช: ยซุชู ฺฉ ูุณุช ฺฉู ุจู ูุง ุจฺฏ ฺ ุดุฑุงูุชููุฏุงููโุณุช ู ฺ ูุณุชุยป                                                                    ",ููุฌูุงู,https://newcdn.fidibo.com/images/books/82278_98126_normal.jpg
28,ูุฑุฏ ุตุฏุณุงููโุง ฺฉู ุงุฒ ูพูุฌุฑู ูุฑุงุฑ ฺฉุฑุฏ ู ูุงูพุฏุฏ ุดุฏ,ููุงุณ ููุงุณู,ูุฑุฒุงูู ุทุงูุฑโ,"ดฐ,ธฐฐ ", ููููุฑ," ถธ,ฐฐฐ ",ฑณนณ/ฐด/ฑต, ูุงุฑุณ," 2.34 
                        "," ณทฒ 
                            ",978-964-448-597-8,ุฑูุงูโูุง ฺฉู ุงุชูุงูุงุช ู ูุงุฌุฑุงุฌูโูุง ุขูโูุง ุฒุฑฺฉุงูู ู ููุดููุฏุงูู ุชุฑุณู ูโุดููุฏ ุฐูู ุฎูุงููุฏู ุฑุง ุชุง ูุฏุชโูุง ุฏุฑฺฏุฑ ูโฺฉูุฏุ ุจู ุดฺฉู ฺฉู ุฎูุงููุฏู ููโุฎูุงูุฏ ฺฉุชุงุจ ุฑุง ูุญุธูโุง ุฒูู ุจฺฏุฐุงุฑุฏ. ุฑูุงู ูุฑุฏ ุตุฏุณุงููโุง ฺฉู ุงุฒ ูพูุฌุฑู ูุฑุงุฑ ฺฉุฑุฏ ู ูุงูพุฏุฏ ุดุฏ ุงุซุฑ ููุงุณ ููุงุณู ุฑูุงุช ุงุณุช ุณุฑุงุณุฑ ููุฑุญ ู ุดฺฏูุชโุงูฺฏุฒ ฺฉู ูุฏุฑุช ุชุฎู ู ุทูุฒ ููุณูุฏู ุจุงุนุซ ูโุดูุฏ ูุญุธุงุช ุงุฒ ุฏูุง ุดููุบ ุงูุฑูุฒ ูุงุฑุบ ุดูู ู ุฑูุงู ุทูุฒฺฏููู ฺฉู ุจุง ุณุงุณุช ู ุชุงุฑุฎ ฺฏุฑู ุฎูุฑุฏู ุงุณุช ุฑุง ุฏุฑ ุฏุณุช ุจฺฏุฑู ู ุบุฑู ุฎูุงูุฏู ุดูู. ุงู ุฑูุงู ุชุง ุงูุฑูุฒ ุจู ุจุด ุงุฒ ณต ุฒุจุงู ุชุฑุฌูู ุดุฏู ู ููููโูุง ูุณุฎู ุงุฒ ุขู ุฏุฑ ุณุฑุงุณุฑ ุฌูุงู ุจู ูุฑูุด ุฑูุชู ุงุณุช.,ุฏุงุณุชุงู ู ุฑูุงู ุณุงุฑ ฺฉุดูุฑูุง,https://newcdn.fidibo.com/images/books/69028_14190_normal.jpg
29,ูพุงุณุชูโูุง ุจููุด,ฺฉุงุชุฑู ุงููพููฺฏูุช,ุขูุงูุชุง ุญุถุฑุชโ ฺฉุงููุฏุงู,"ฑน,ฐฐฐ ", ูพุฑุชูุงู," ณน,ฐฐฐ ",ฑณนน/ฐฑ/ฑต, ูุงุฑุณ," 1.13 
                        "," ฑนถ 
                            ",978-600-8111-48-1,"
                                    ฺูุฏุฑ ุฎูุจู ุฏูุณุช ุฏุงุดุชู ุจุงุด ฺฉู ุจู ุงูุฏุงุฒูโ ุชู ุนุงุดู ูพุงุณุชูโูุง ุจููุด ุจุงุดู! ุงูุง ุงฺฏู ุงูู ู ููุฌูุฏ ุฎุงู ุจุงุดู ฺฉู ููุท ุชู ูโุจูุ ฺุ!

""ุฌฺฉุณูู"" ู ูพุณุฑ ููุทูู ู ุงุฒ ุฎุงูุจุงู ุฎู ุจุฏุด ูโุขุฏ! ุงูุง ู ุฑูุฒ ูโูููู ฺฉู ุขุฏูโูุง ููุดู ูู ุฏูุจุงู ุดูุฏู ูุงูุนุช ูุณุชู. ุงูู ุชู ููุช ุณุงูฺฏ ุจุง ู ุงุชูุงู ุนุฌุจ ุฑูุจุฑู ูุดู ู ุจุฑุง ุงููู ุจุงุฑ ู ุฏูุณุช ุฎุงู ุฑู ูุจูู ฺฉู ููู ุฌุง ุจุงูุงุดู!

ุฌฺฉุณูู ุฎู ฺฏุฌ ุดุฏู... ู ุงูุฌุงุณุช ฺฉู ุฏฺฏู ูููุฏู ูุฑุฒ ุจู ุฎุงู ู ูุงูุนุช ุฎู ุณุฎุชู...!                                                                    ",ฺฉูุฏฺฉ,https://newcdn.fidibo.com/images/books/97561_79951_normal.jpg
30,ุงุฌุงุฒู ูโูุฑูุงุฆุฏ ฺฏุงู ุฎูุงุจ ุดูุง ุฑุง ุจุจูู,"
 
                                                                                            
ูุญูุฏ ุตุงูุญโุนูุงุก ",None,"ด,ฐฐฐ ", ูพููุฏู," ธ,ฐฐฐ ",ฑณนณ/ฐต/ฑต, ูุงุฑุณ," 0.43 
                        "," ทธ 
                            ",978-964-2950-33-1,"
                                    ฺฉุชุงุจ ยซุงุฌุงุฒู ูโูุฑูุงุฏุโ ุฎูุงุจ ุดูุง ุฑุง ุจุจููยปโ ููุดุชู ูุญูุฏ ุตุงูุญโุนูุงุก( -ฑณณฑ)ุ โููุณูุฏูุโ ุจุฑูุงููโุณุงุฒ ุชููุฒููุโ ุดุงุนุฑ ู ุชุฑุงููโุณุฑุง ุงุณุช.
ุงู ฺฉุชุงุจ ุจุง ุญุงู ู ููุง ุฎุงุต ุฏุฑ ูุงูุจ ุฏู ุฑูุงุช ู ูพูุฌ ุฏุงุณุชุงู ููุดุชู ุดุฏู ุงุณุช. ุฑูุงุชูุง ุงู ฺฉุชุงุจ ุฒุจุงู ูุบุฒ ู ุดุงุนุฑุงูู ุฏุงุฑูุฏ ู ุงูุฏฺฉ ุทูุฒ ุฏุฑ ุฒุฑูุชูโุดุงู ูุฌูุฏ ุฏุงุฑุฏ. ููุณูุฏู ุณุน ุฏุงุฑุฏ ุชุง ุจุง ุฎูู ูุงูุจ ูู ุจุง ูุฎุงุทุจุงูุด ุงุฑุชุจุงุท ุจุฑูุฑุงุฑ ฺฉูุฏ.
ุชฺฉ ุชฺฉ ุฌููุงุช ู ุชุฑฺฉุจโูุง ุงุณุชูุงุฏู ุดุฏู ุฏุฑ ุงู ฺฉุชุงุจ ูุดุงู ุงุฒ ุฎูู ู ุฎู ุดุงุนุฑุงูู ุตุงูุญ ุงุนูุง ุฏุงุฑุฏ. ุฌููุงุช ฺฉู ุชุง ูุฏุชูุง ูุฑุงููุด ูุฎูุงููุฏ ุดุฏ.
ุฏุฑ ุจุฎุด ุงุฒ ุงู ฺฉุชุงุจ ูโุฎูุงูู:
ยซูพูุฌ ุดูุจู ฑด ุงุณููุฏุ ุณุงุนุช ฑฑ ุตุจุญ ูู ุนุงุดู ุดุฏู. ููุง ุงุจุฑ ุจูุฏ ู ููู ุจุงุฑุงูโูุง ุนุงูู ุณุฑ ูู ูโุฑุฎุช. ฺฏูุชู ุงุฒ ุขู ุฑูุฒ ฺฉู ุนุงุดู ุดุฏู ฺู ุฎูุจ ุงุณุช. ูุซู ุงูฺฉู ุฑู ุฒุฎู ุฑุง ุจุฎุงุฑุงูุ ูู ุจุดุชุฑ. ุนุดู ูุซู ุฏุงูู ฺฏุฑ ฺฏุฑูุชู ุงุณุชุ ุจู ูุฑ ุทุฑู ฺฉู ูโุฏู ุดุนููโูุฑุชุฑ ูโฺฏุฑุฏ. 
ฺุฒ ุจู ุธูุฑ ููุงูุฏู ุจูุฏุ ุชุง ุฏู ุดูุฑุฏู ู ุนุงุดู ุดุฏูุ ุนุงโูู ุชููุงู ุดุฏ... ูพูุฌุฑู ุฑุง ุจุงุฒ ฺฉุฑุฏู ู ูุงฺฏูุงู ุนุงุดู ุดุฏู.
ูพุฏุฑ ู ูุงุฏุฑู ูู ุจุฏุงุฑ ุจูุฏูุฏุ ฺูุงู ฺฉู ฺฏูุชฺฏู ุงุดุงู ุฑุง ูโุดูุฏูุ ฺฏูุชฺฏู ูุงูุฏูู ููุงุฌุงุช ุจูุฏ. ูพุฏุฑู ูโูุฑููุฏูุฏ: ยซุฎุงูู! ูพุณุฑูุงู ุจู ุณูุงูุช ุนุงุดู ุดุฏู ุงุณุชยป ู ูุงุฏุฑู ุขูุณุชู ุขูุณุชู ุจู ูุฌูุง ูโฺฏูุชูุฏ: ยซุงุณูพูุฏ ุฏูุฏ ูโฺฉููุ ุนุดู ุฏุฑ ุฎุงูู ูุง ุดฺฏูู ุฏุงุฑุฏ.ยป 
ุจุนุฏ ุณุฑ ูโฺุฑุฎุงูุฏูุฏ ุฑู ุจู ุขุณูุงู ู ูโฺฏูุชูุฏ: ยซุฎุฏุงุง! ุจุงุฑ ุงููุง! ููู ุจฺูโูุง ุงู ุณุฑุฒูู ุนุงุดู ุจุงุดูุฏ. ุตุฏูู ุณุฑ ุขููุงุ ุจฺูโูุง ูู ูู ุนุงุดู ุจุงุดูุฏยป.                                                                    ",ุฏุงุณุชุงู ฺฉูุชุงู,https://newcdn.fidibo.com/images/books/3592_43105_normal.jpg
31,ุฎุทุง ุณุชุงุฑฺฏุงู ุจุฎุช ูุง,ุฌุงู ฺฏุฑู,ุงููู ูุฑุงุฏ  ุ                                                                                                             ููุงุฏ ุจุงุจุงูฺุงุฏ,"ดฒ,ฐฐฐ ", ูพุฏุงุด," ทฐ,ฐฐฐ ",ฑณนฐ/ฑฐ/ฑต, ูุงุฑุณ," 1.73 
                        "," ดฑฒ 
                            ",978-600-296-115-0,ุฏุงุณุชุงูโูุง ุนุงุดูุงูู ููุดู ฺฉ ุงุฒ ูพุฑุทุฑูุฏุงุฑุชุฑู ฺุงูุฑูุง ุฏุงุณุชุงูโุงูุฏ.ย ูููุฐ ุงู ุฏุงุณุชุงูโูุง ุฏุฑ ููุจ ุฎูุงููุฏฺฏุงู ุชุง ุญุฏ ุงุณุช ฺฉู ุงูุฑูุฒู ฺฉูุชุฑ ฺฉุชุงุจ ุง ููู ูพุฏุง ูโุดูุฏ ฺฉูย ุญุฏุงููยฺฉ ุฑฺฏู ุงุฒ ูุตูโุง ุนุงุดูุงููโ ุฏุฑ ุงู ุฑูุงุช ูุดุฏู ุจุงุดุฏ.,ููุฌูุงู,https://newcdn.fidibo.com/images/books/3830_46202_normal.jpg
32,ูุฑฺฏ ุงูุงู ุงูฺ,ูุฆู ุชููุณุชู,ุตุงูุญ ุญุณููโ,"ฑธ,ฐฐฐ ", ููููุฑ," ณฐ,ฐฐฐ ",ฑณธต/ฑฐ/ฑต, ูุงุฑุณ," 2.13 
                        "," ฑตฒ 
                            ",978-964-448-307-3,ุงูุณุงูโูุง ููฺฏุงู ุฑูุจุฑู ุดุฏู ุจุง ูุณุฆููโ ุจุฒุฑฺฏ ุจู ูุงู ูุฑฺฏุ ูุงฺฉูุดโูุง ูุชูุงูุช ุฏุงุฑูุฏ. ูพุฐุฑุด ูพุงุงู ูุณุฑ ุฒุณุชู ุจุฑุง ุจุณุงุฑ ุงุฒ ุงูุฑุงุฏ ฺฉุงุฑ ุฑุงุญุช ูุณุช. ุชููุณุชู ุฏุฑ ฺฉุชุงุจ ูุฑฺฏ ุงูุงู ุงูฺุ ุชูุงูุณุชู ุจุง ูฺฏุงู ุจุงูุฑูพุฐุฑ ู ุณุจ ูุงูุนโฺฏุฑุงุงููโ ููุดฺฏโุงุดุย ุฐููุงุช ู ูุงฺฉูุดโูุง ุงูุณุงู ฺฉู ุจุง ูุฑฺฏ ููุงุฌู ุดุฏู ุงุณุช ุฑุง ุชุฑุณู ฺฉูุฏ. ,ุฏุงุณุชุงู ู ุฑูุงู ุฑูุณู,https://newcdn.fidibo.com/images/books/1183_62188_normal.jpg
33,ุนูุงุฏ ฺฉ ุฏููฺฉ,ูุงูุฑุด ุจู,ููุฏ ุงูุดุงุฑ,"ฑท,ฐฐฐ ",ูุฌุฏ,None,ฑณนณ/ฑฐ/ฑต, ูุงุฑุณ," 2.01 
                        "," ณฑฒ 
                            ",978-600-94126-4-8,ุชฺฉโฺฏูโูุง ุจููุฏุด ุฏุฑ ฺฉ ุงุฒ ูพุฑุขูุงุฒูโุชุฑู ุฑูุงูโูุง ุฏูุงุณุช ู ุจุง ฺฏุฐุดุช ุณุงูโูุง ุงุฒ ุฒูุงู ุงูุชุดุงุฑุด ููโฺูุงู ุญุฑูโูุง ุฒุงุฏ ุจุฑุง ฺฏูุชู ุฏุงุฑุฏ. ุงู ุฑูุงู ุนุงูู ูพุณูุฏ ุฌุงูุนู ุขููุงู ุฑุง ุชุญุช ุชุงุซุฑ ูพุดูุง ุฏฺฉุชุงุชูุฑ ุฎูุฏ ุนู ูุชูุฑ ู ุณุงูโูุง ูพุณ ุงุฒ ุฌูฺฏ ุฌูุงู ุฏูู ุฑุง ุจู ุชุตูุฑ ฺฉุดุฏู ุงุณุช ู ุณุฑฺฏุฐุดุช ุฏููฺฉ ุบูโุงูฺฏุฒ ฺฏุฑูุชุงุฑ ูุงู ุงูุณุงูโูุง ุฑุงฺฉุงุฑ ุฑุง ุฑูุงุช ูโฺฉูุฏ.. ูุงูุฑุด ุจู ุจุง ูฺฏุงุฑุด ฺฉุชุงุจ ุนูุงุฏ ฺฉ ุฏููฺฉ ูููู ุจู ุฏุฑุงูุช ุฌุงุฒูโ ููุจู ุงุฏุจุงุช ุฏุฑ ุณุงู 1972 ุดุฏ.,ุฏุงุณุชุงู ู ุฑูุงู ุขููุงู,https://newcdn.fidibo.com/images/books/6673_53477_normal.jpg
34,ุจููุฏโูุง ุจุงุฏฺฏุฑ,ุงูู ุจุฑููุชู,ุฑุถุง ุฑุถุง,"ถฐ,ฐฐฐ ", ู," ฑตฐ,ฐฐฐ ",ฑณนฒ/ฑฐ/ฑต, ูุงุฑุณ," 2.67 
                        "," ดณธ 
                            ",978-964-185-181-3,ุนุดู ูุฑู ู ูุฌุงู ูพฺุฏู ุฏุฑูู ุขุฏู ุงุณุช ู ุชุง ุฒูุงู ฺฉู ุจู ูุตุงู ุฎูุฏ ูุฑุณุฏ ุขุฑุงู ููโฺฏุฑุฏ. ุญุงู ุงฺฏุฑ ุงู ูุฑู ูพฺุฏู ุจุง ูุงฺฉุงู ููุงุฌู ุดูุฏ ููฺฉู ุงุณุช ูุฑู ููุฑุชุ ุงูุชูุงู ุง ูุฑ ุฏู ุฑุง ุฏุฑูู ุงูุณุงู ูุนุงู ฺฉูุฏ. ุฏุฑ ุขุซุงุฑ ุจุฒุฑฺฏ ุงุฏุจุงุช ุฌูุงู ุงุฒ ุนุดู ู ููุฑุช ู ุงูุชูุงู ูุตูโูุง ุฒุงุฏ ุฎูุงูุฏูโุงู ู ุจุง ูุฑ ฺฉุฏุงู ุจู ุดฺฉู ุงุฑุชุจุงุท ุจุฑูุฑุงุฑ ฺฉุฑุฏู.,ุฏุงุณุชุงู ู ุฑูุงู ุงูฺฏูุณ,https://newcdn.fidibo.com/images/books/1620_24744_normal.jpg
35,ุฎุฑูฺฏุณ,ุงุชู ููุงู ููฺ,ุญูุฏุฑุถุง ุจููฺ,"ฑธ,ฐฐฐ ",ูุฌุฏ," ดฒ,ฐฐฐ ",ฑณนด/ฑฐ/ฑต, ูุงุฑุณ," 2.42 
                        "," ดฑถ 
                            ",978-600-94126-8-6,ููุงุน ุชุงุฑุฎ ุฒูุงู ฺฉู ุจุง ุฒุจุงู ุงุฏุจุงุช ู ุฏุฑ ูุงูุจ ุฑูุงู ุจุงู ูโุดููุฏ ุจุณุงุฑ ุฌุฐุงุจโุชุฑ ู ุชุงุซุฑฺฏุฐุงุฑุชุฑ ุฎูุงููุฏ ุดุฏ. ุงุชู ููุงู ููฺ ยูุนุงูุชโูุง ุณุงุณ ุณุงุฒูุงู ุงุชุงูุง ุฌูุงู ุฑุง ุฏุฑ ุจุณุชุฑ ุงุฒ ุฏุงุณุชุงูุ ุจุง ุฒุจุงู ุดูุง ู ฺฏุงู ุงููุงุช ุฏุฑ ูุงูุจ ุทูุฒ ุจุงู ฺฉุฑุฏู ุงุณุช. ุจุฑุง ุนูุงููโููุฏุงู ุฑูุงูโูุง ุณุงุณ ู ุฏุงุณุชุงู ูุจุงุฑุฒุงุช ูุฑุฏูุ ฺฉุชุงุจ ุฎุฑูฺฏุณ ุจโุดฺฉ ฺฉ ุงุฒ ุฌุงูุจโุชุฑู ู ุฌุฐุงุจโุชุฑู ฺฉุชุงุจโูุง ุฎูุงูุฏ ุจูุฏ.,ุฏุงุณุชุงู ู ุฑูุงู ุงูฺฏูุณ,https://newcdn.fidibo.com/images/books/6207_63409_normal.jpg
36,ุฑุงูููุง ูุฑุฏู ุจุง ฺฏุงูุงู ุฏุงุฑู,"
 
                                                                                            
ุนุทู ุนุทุงุฑุฒุงุฏู ",None,"ฑท,ตฐฐ ", ฺุดูู," ณฒ,ฐฐฐ ",ฑณนถ/ฐด/ฑต, ูุงุฑุณ," 1.31 
                        "," ฑฑท 
                            ",978-600-229-803-4,ฺฏุงูุงู ุฎูุงุต ูุชูุงูุช ุฏุงุฑูุฏ ฺฉู ุจู ุขูโูุง ุฎุงุตุช ุฌุงุฏู ูโุจุฎุดุฏ. ฺฉ ฺฏุงู ุฏุฑ ุชุฑฺฉุจ ููุงุณุจ ุจุง ฺฏุงูุงู ุฏฺฏุฑ ูโุชูุงูุฏ ฺฉ ูุฑูู ู ุฏุงุฑู ุญุงุชโุจุฎุด ุจุงุดุฏุ ููุงู ฺฏุงู ุฏุฑ ุดุฑุงุท ูุชูุงูุช ููโฺูู ุฒูุฑ ฺฉุดูุฏู ุจู ูุฑฺฏ ู ูุงุจูุฏ ููุฌุฑ ูโุดูุฏ. ุฑุงูููุง ูุฑุฏู ุจุง ฺฏุงูุงู ุฏุงุฑู ุฏุงุณุชุงู ูพุฑ ุฑูุฒ ู ุฑุงุฒ ุงุณุช ฺฉู ุฏุฑ ุขู ูพุง ฺฏุงูุงู ุฏุงุฑู ุจู ูุงุฌุฑุงูุง ุณุฑููุดุชโุณุงุฒ ุดุฎุตุชโูุง ุจุงุฒ ูโุดูุฏ.,ุฏุงุณุชุงู ู ุฑูุงู ุงุฑุงู,https://newcdn.fidibo.com/images/books/69569_47206_normal.jpg
37,ูุงูุงู ู ูุนู ุฒูุฏโฺฏ,ุงุฑูู ุงููู,ุณูพุฏู ุญุจุจ,"ฒต,ฐฐฐ ", ูุทุฑู," ดธ,ฐฐฐ ",ฑณนต/ฐถ/ฑต, ูุงุฑุณ," 2.32 
                        "," ณดณ 
                            ",978-600-119-207-4,ูฺ ฺุฒ ูุงููุฏ ุฏุงุณุชุงู ุฏุฑ ุฒูุฏฺฏ ุงูุณุงู ุชุงุซุฑฺฏุฐุงุฑ ูุณุชุ ููุถูุน ฺฉูยุงุฑูู ุงูููุ ููุณูุฏู ู ุฑูุงูโุฏุฑูุงูฺฏุฑ ุจุฑุฌุณุชูโ ุงูู ุขูุฑฺฉุง ุจูโุฎูุจ ุฏุฑฺฉ ฺฉุฑุฏู ุงุณุช. ุงููู ุจุง ุชฺฉู ุจุฑ ุนููุ ูุธุฑุงุช ู ุณุงูโูุง ุชุฌุฑุจูโุงุด ุงุฒ ุฏุฑูุงู ุงูุฑุงุฏ ูุฎุชููุ ุฏุงุณุชุงูโูุง ฺฉูุชุงู ุฎูู ฺฉุฑุฏู ฺฉู ุฏุฑ ฺฉุชุงุจ ูุงูุงู ู ูุนู ุฒูุฏโฺฏ ฺฏูุฌุงูุฏู ุดุฏูโุงูุฏ. ุฏุงุณุชุงูโูุง ฺฉู ูุดุงูโุฏููุฏูโ ููู ุชูุงูุง ุงุฑูู ุงููู ู ุชูุงูุง ุงู ุฏุฑ ุงูุชูุงู ููุงูู ุฑูุงูุดูุงุณ ุฏุฑ ูุงูุจโ ุฌุฐุงุจ ู ุฎูุงูุฏู ุงุณุช.,ุฏุงุณุชุงู ู ุฑูุงู ุขูุฑฺฉุง,https://newcdn.fidibo.com/images/books/64248_69415_normal.jpg
38,ูุฑ ูพุงุชุฑ ู ุญูุฑู ุงุณุฑุงุฑุขูุฒ,ุฌ.ฺฉ ุฑูููฺฏ,ูุฏุง ุงุณูุงูู,"ถฐ,ฐฐฐ ", ฺฉุชุงุจุณุฑุง ุชูุฏุณ," ตฐ,ฐฐฐ ",ฑณนฒ/ฐต/ฑต, ูุงุฑุณ," 1.95 
                        "," ณธน 
                            ",964-5757-04-5,ฺฉุชุงุจ ูุฑ ูพุงุชุฑ ู ุญูุฑูโ ุงุณุฑุงุฑ ุขูุฒ ุฏููู ุฌูุฏ ุงุฒ ุณุฑ ฺฉุชุงุจโูุง ูุฑ ูพุงุชุฑ ุงุณุช. ุงู ฺฉุชุงุจ ุจุฑุง ูุฎุณุชู ุจุงุฑ ุฏุฑ ุณุงู 1998 ููุชุดุฑ ุดุฏ ู ุณุงู 2002 ููู ูููู ุงุฒ ุขู ุณุงุฎุชู ุดุฏ. ฺฉ ุงุฒ ููุขูุฑโโูุง ุฌ.ฺฉ ุฑูููฺฏ ุฏุฑ ฺฉุชุงุจ ุญูุฑู ุงุณุฑุงุฑ ุขูุฒ ูพฺุฏฺฏ ุฏุงุณุชุงู ู ุชุนุฏุฏ ุดุฎุตุชโูุงุณุช. ุฑูููฺฏ ุฏุฑ ุงู ฺฉุชุงุจ ุจู ุดุฎุตุชโูุงุด ุนูู ุจุดุชุฑ ุจุฎุดุฏู ุงุณุช ู ุนูุงุตุฑ ู ุงููุงูโูุง ุฌุงุฏู ุจุดุชุฑ ุฑุง ูุงุฑุฏ ฺฉุชุงุจ ฺฉุฑุฏู ุงุณุช. ุงู ุณุฑ ุฏุฑ ูพูุฌ ุฌูุฏ ุจุนุฏ ูุฑ ูพุงุชุฑ ูู ุงุฏุงูู ุฎูุงูุฏ ุฏุงุดุช ฺฉู ุฎูุฏ ุดุงุงู ุชูุฌู ุงุณุช.,ููุฌูุงู,https://newcdn.fidibo.com/images/books/3377_41334_normal.jpg
39,ุฌุงูุณุชุงู ฺฉุงุจูุณุชุงู,"
 
                                                                                            
ุฑุถุง ุงูุฑุฎุงู ",None,"ดถ,ดฐฐ ", ุงูู," ทธ,ฐฐฐ ",ฑณนฐ/ฑฐ/ฑต, ูุงุฑุณ," 6.46 
                        "," ณดธ 
                            ",978-964-369-737-2,ุงูุบุงูุณุชุงู ุงุฒ ููุณุงูโูุง ุงุฑุงู ุงุณุช ฺฉู ุดุฑุงุท ุณุงุณ ู ุงูุชุตุงุฏ ุขู ุขุดูุชู ู ฺฏุงูุง ุฏุฑุฏูุงฺฉ ุงุณุช. ุจุดุชุฑ ุงุฎุจุงุฑ ู ุฑูุฒูุงููโูุง ุฏุฑุจุงุฑูโ ุงู ฺฉุดูุฑ ูพุฑ ุงุฒ ยุฎุจุฑูุง ุงุฒ ุฌูฺฏ ู ฺฉุดุชุงุฑ ุงุณุช. ุจุง ูุฌูุฏ ุงูโฺฉู ุงู ฺฉุดูุฑ ูุฒุฏฺฉ ุฌุบุฑุงูุง ุจุง ุงุฑุงู ุฏุงุฑุฏ ู ูพููุฏ ุนูู ุจู ูุฑููฺฏ ูุฑุฏู ุงุฑุงู ู ูุฑุฏู ุงูุบุงู ูุฌูุฏ ุฏุงุฑุฏุ ุชุตูุฑ ุฏุฑุณุช ุงุฒ ุงูุบุงูโูุง ุฏุฑ ุงุฑุงู ูุฌูุฏ ูุฏุงุฑุฏ.,ุฏุงุณุชุงู ฺฉูุชุงู,https://newcdn.fidibo.com/images/books/2348_94869_normal.jpg
40,ุตุฏ ุณุงู ุชููุง,ฺฏุงุจุฑู ฺฏุงุฑุณุง ูุงุฑฺฉุฒ,ุงุณูุงุนู ููุฑูุงูโูพูุฑ,"ถต,ฐฐฐ ", ุฑูุฒฺฏุงุฑ," ฑณฐ,ฐฐฐ ",ฑณนฑ/ฑฐ/ฑต, ูุงุฑุณ," 3.66 
                        "," ตนน 
                            ",978-964-374-182-2,ุจุนุถ ูุตูโูุง ูุฑู ูโฺฉููุฏุ ูุฑุง ุฒูุงู ู ูฺฉุงูโุงูุฏุ ูู ูุชุนูู ุจู ุณุฑุฒูู ุฎุงุต ูุณุชูุฏ ู ูู ุชุงุฑุฎ ุงููุถุงุดุงู ูุฑุงูโุฑุณุฏ. ุฑูุงู ุฎุงุฑุฌ ุตุฏุณุงู ุชููุง ฺฉ ุงุฒ ููู ฺฉุชุงุจโูุงุณุชุ ฺฉุชุงุจ ฺฉู ุงุฒ ููุน ุงุชููพุง ุญุฑู ูโุฒูุฏ ู ุธููุฑ ู ุณููุท ุขู ุฑุง ุฏุฑ ุทูู ุฒูุงู ุจู ุชุตูุฑ ูโฺฉุดุฏ. ฺฏุงุจุฑู ฺฏุงุฑุณุง ูุงุฑฺฉุฒุ ููุณูุฏูโ ูุดููุฑ ุขูุฑฺฉุง ูุงุชู ู ุจุฑูุฏูโ ููุจู ุณุงู ฑนธฒ ุฏุฑ ุงู ฺฉุชุงุจ ุงูุฌ ููุฑุด ุฑุง ุจู ฺฉุงุฑ ฺฏุฑูุชู ู ุฏุงุณุชุงู ุจู ุณุจฺฉ ุฑุฆุงูุณู ุฌุงุฏู ููุดุชู ฺฉู ฺฉ ุงุฒ ุงุซุฑฺฏุฐุงุฑุชุฑู ุฏุงุณุชุงูโูุง ุฌูุงู ุงุณุช.,ุฏุงุณุชุงู ู ุฑูุงู ุขูุฑฺฉุง ุฌููุจ,https://newcdn.fidibo.com/images/books/3083_56546_normal.jpg
41,ุฏู ุฏูุง,"
 
                                                                                            
ฺฏู ุชุฑู ",None,"ฒท,ฐฐฐ ", ููููุฑ," ดต,ฐฐฐ ",ฑณธฑ/ฑฐ/ฑต, ูุงุฑุณ," 1.12 
                        "," ฑทฒ 
                            ",978-964-448-197-0,ุฎุงุทุฑูโูุง ุณุฑูุงูโูุง ุขุฏูโูุง ูุณุชูุฏุ ุจุงุฏ ุฏุฑ ุฒูุงู ุญุงู ุฒูุฏฺฏ ฺฉุฑุฏ ุงูุง ุฎูุดุงูุฏ ุงุณุช ฺฉู ุฎุงุทุฑูโูุง ูุฌูุฏ ุฏุงุดุชู ุจุงุดูุฏ ฺฉู ุงูุณุงู ููุช ุจู ุขูโูุง ุจุฑูโฺฏุฑุฏุฏ ูุจุฎูุฏ ุจุฒูุฏ ู ุฏูฺฏุฑู ุดูุฏ. ูุถุง ุณุงูโูุง ุฏููโ ฺูู ู ูพูุฌุงู ุฏุฑ ุงุฑุงู ุจุฑุง ููุณูุฏฺฏุงู ุฒุงุฏ ุณูฺูโ ููุดุชู ุจูุฏู ุงุณุช. ฺฏู ุชุฑู ุฏุฑ ูุฌููุนู ุฏุงุณุชุงู ุฏูุฏูุง ุฎุงุทุฑุงุช ุฑุง ุงุฒ ุขู ุฒูุงูโูุง ุฑูุงุช ูโฺฉูุฏุ ุฎุงุทุฑุงุช ฺฉู ุขูโูุฏุฑ ุฎูุจ ู ุฒูุฏู ุชูุตูโุดุฏูโุงูุฏ ฺฉู ูุงููุฏ ุตุญููโ ุชุฆุงุชุฑ ุงุฒ ุฌูู ฺุดู ุฎูุงููุฏู ูโฺฏุฐุฑูุฏ ู ูุญุธุงุช ุฎูุงูุฏู ฺฉุชุงุจ ุฑุง ุจุฑุงุด ุดุฑู ูโฺฉููุฏ.,ุฏุงุณุชุงู ฺฉูุชุงู,https://newcdn.fidibo.com/images/books/1111_56353_normal.jpg
42,ุตุฏ ุณุงู ุชููุง,ฺฏุงุจุฑู ฺฏุงุฑุณุง ูุงุฑฺฉุฒ,ุฒูุฑู ุฑูุดููฺฉุฑ,"ฑธ,ฐฐฐ ",ูุฌุฏ," ตต,ฐฐฐ ",ฑณนด/ฑฐ/ฑต, ูุงุฑุณ," 3.1 
                        "," ดตถ 
                            ",978-964-453-106-4,"
                                    ูุงุฑฺฉุฒ ุฏุฑ ุงู ฺฉุชุงุจ ูุถุนุช ุฌุบุฑุงูุง ู ุขุฏุงุจ ู ุฑุณูู ุจููุงู ุณุฑุฎูพูุณุช ุขูุฑฺฉุง ูุงุชู ุฑุง ุจูโุฎูุจ ููุงุงูุฏู ุงุณุชุ ฺฏู ุขููโุง ุฏุฑุจุฑุงุจุฑ ููุชุด ฺฏุฑูุชู ุชุง ููู ูฺฺฏูุง ุขููุง ุฑุง ุจููุงุงูุฏ. ฺฉุณ ฺฉู ุงู ุงุซุฑ ุฑุง ูโุฎูุงูุฏุ ุงฺฏุฑ ูู ุจู ฺฉุดูุฑูุง ุขูุฑฺฉุง ูุงุชู ุณูุฑ ูุฏุงุดุชู ู ุง ุญุช ุฏุฑุจุงุฑู ุขููุง ูฺ ุงุทูุงุน ูุฏุงุดุชู ุจุงุดุฏุ ุญุณ ูโฺฉูุฏ ุขู ุณุฑุฒูู ู ูุฑุฏูุด ุฑุง ุจูโุฎูุจ ูโุดูุงุณุฏ. ุงุนุชูุงุฏุงุช ุจุงุณุชุงูโุง ฺฉู ฺฏุงู ุฏุฑ ุงุซุฑ ุฎุงููพุฑุฏุงุฒูุง ู ุงุบุฑุงููุง ุจููุงูุด ุฎุฑุงูุงุช ุจูโูุธุฑู ุฑุณูุฏุ ููู ุฏุฑ ุงู ุงุซุฑ ุจูโุฎูุจ ุขุดฺฉุงุฑ ุงุณุช.
ูฺฉุชูโุง ฺฉู ุฏุฑ ุงู ฺฉุชุงุจ ุจุณุงุฑ ฺุดูฺฏุฑ ู ูุถููู ุงุตู ุงู ุฑูุงู ุฑุง ุฑูู ูโุฒูุฏุ ุงุซุจุงุช ูุฌูุฏ ุนุดู ู ูุฏุฑุช ูพุงุงูโูุงูพุฐุฑ ุขู ุงุณุช. ุงู ฺฉุชุงุจ ฺฉู ุชุงุฑุฎโูฺฏุงุฑ ฺฉ ูุฑู ุงุฒ ุฒูุฏฺฏ ฺฉ ุฎุงููุงุฏู ูพุฑุฌูุนุช ุงุณุช ุจูโุฎูุจ ูโุฑุณุงูุฏ ฺฉู ุงู ุฎุงููุงุฏู ุจุง ุขูฺฉู ุจุณุงุฑ ูพุฑุฌูุนุช ุงุณุชุ ุงูุง ูุฑฺฉ ุฏุฑ ุชููุง ุฎูุฏ ุจูโุณุฑ ูโุจุฑูุฏ ฺฉู ุฑุงู ูุฑูุฏ ุจู ุญุฑู ุขู ุจุฑ ุฏฺฏุฑ ุงูุฑุงุฏ ุฎุงููุงุฏู ุจุณุชู ุงุณุช. ููุช ุนุดู ุฏุฑูุงู ูุณู ุขููุง ูุฌูุฏ ูุฏุงุฑุฏุ ููู ุฏฺุงุฑ ูุงฺฉุงููุง ุฒูุฏฺฏ ูโุดููุฏ ู ุฎูุฏ ูุฒ ุฑุงุฒ ุงู ูุงฺฉุงููุง ุฑุง ููโุฏุงููุฏ ฺฉู ููุงูุง ุฏุฑ ุนุฏู ุชูุงูุง ุขููุง ุฏุฑ ุนุงุดูโุดุฏู ุงุณุช ู ูุง ุชููุง ุฏุฑุจุงุฑู ุขุฎุฑู ูุฑุฒูุฏ ุงู ุฎุงูุฏุงู ูโุฎูุงูู ฺฉู ุชููุง ุงู ุฏุฑูุชุฌู ุนุดู ุจูโุฏูุง ุขูุฏู ุงุณุช.                                                                    ",ุฏุงุณุชุงู ู ุฑูุงู ุขูุฑฺฉุง ุฌููุจ,https://newcdn.fidibo.com/images/books/68283_21046_normal.jpg
43,ฑนธด,ุฌุฑุฌ ุงุฑูู,ุญููุฏุฑุถุง ุจููฺ,"ฑท,ฐฐฐ ",ูุฌุฏ," ณต,ฐฐฐ ",ฑณนด/ฐฑ/ฑต, ูุงุฑุณ," 2.1 
                        "," ฒธธ 
                            ",978-964-453-064-7,"
                                    ุฑูุงู ฑนธด ุฌูุฑุฌ ุงูุฑููุ ุจุงูฺฏุฑ ุฑูุญูโุง ุฎุงุต ู ูุดุฏุงุฑุฏููุฏู ุงุณุช. ุฑูุญู ุจู ุชุตูุฑ ฺฉุดุฏู ุดุฏู ุฏุฑ ุงู ฺฉุชุงุจุ ูููุฏ ูุณุจุช ุจู ุขูุฏู ุงูุณุงู ุงุณุช ู ุจู ููฺฏุงู ูุดุฏุงุฑ ูโุฏูุฏ ฺฉู ุงฺฏุฑ ุฑููุฏ ุชุงุฑุฎ ุชุบุฑ ูฺฉูุฏุ ุงูุณุงูโูุง ุฏุฑ ุณุฑุงุณุฑ ุฏูุงุ ุจโุขูฺฉู ุฎูุฏ ุจุฏุงููุฏุ ุฎุตูุตุงุช ุงูุณุงู ุฎูุฏ ุฑุง ุงุฒ ุฏุณุช ูโุฏููุฏ ู ุจู ุขุฏูโูุง ูุงุดู ู ุจโุฑูุญ ุชุจุฏู ูโฺฏุฑุฏูุฏ.
ูุงุงูุฏ ูุณุจุช ุจู ุขูุฏู ุงูุณุงู ุฏุฑ ุชูุงุจู ุขุดฺฉุงุฑ ุจุง ุงุณุงุณโุชุฑู ุฌูุจูโูุง ุชูฺฉุฑ ุบุฑุจุ ุนู ุงูุงู ุจู ูพุดุฑูุช ุจุดุฑ ู ูุงุจูุช ุงูุณุงู ุฏุฑ ุงุฌุงุฏ ุฏูุง ุณุฑุดุงุฑ ุงุฒ ุตูุญ ู ุนุฏุงูุช ุงุณุช. ุงู ุงูุฏุ ุงุฒ ุชูฺฉุฑ ุฑูู ู ููุงูุ ููฺูู ููููู ูุณุญุง ูพุงูุจุฑุงู ุนูุฏ ุนุชู ุฑุดู ูโฺฏุฑุฏ. ููุณูู ุชุงุฑุฎ ุนูุฏ ุนุชู ุจุฑ ุงู ุงุนุชูุงุฏ ุงุณุชูุงุฑ ุดุฏู ฺฉู: ุงูุณุงู ุฑุดุฏ ูโฺฉูุฏ ู ุฏุฑ ุทูู ุชุงุฑุฎ ุดฺฉููุง ูโุดูุฏ ู ุจู ููุงู ฺุฒ ฺฉู ููุฏุฑ ุดุฏูุ ุชุจุฏู ูโุดูุฏ. ุจุฑ ุงู ุงุณุงุณ ุงูุณุงู ูุฏุฑุช ุนุดู ู ููุทู ุฎูุฏ ุฑุง ูพุฑูุฑุด ูโุฏูุฏ ู ุจู ฺฉูุงู ูโุฑุณุงูุฏ ู ุงุฒ ุงู ุทุฑู ุฏูุง ุฑุง ุชุญุช ุณุทุฑู ุฎูุด ุฏุฑูโุขูุฑุฏุ ู ุฏุฑ ุนู ุญุงู ฺฉู ุจุง ุทุจุนุช ู ุฏฺฏุฑ ุงูุณุงูโูุง ูุญุฏุช ูโุงุจุฏุ ูุฑุฏุช ุฎูุฏ ุฑุง ุญูุธ ูโฺฉูุฏ. ูุฏู ุงูุณุงูุ ุตูุญ ู ุนุฏุงูุช ุฌูุงู ุงุณุช ู ูพุงูุจุฑุงู ุงูุงู ุฏุงุฑูุฏ ฺฉู ุจู ุฑุบู ุชูุงู ุฎุทุงูุง ู ฺฏูุงูุงู ุจุดุฑุ ุณุฑุงูุฌุงู ยซุฑูุฒ ููุนูุฏยปุ ฺฉู ุฏุฑ ุธููุฑ ูุณุญ ุชุจููุฑ ุงูุชู ุงุณุชุ ูุฑุง ุฎูุงูุฏ ุฑุณุฏ.                                                                    ",ุฏุงุณุชุงู ู ุฑูุงู ุงูฺฏูุณ,https://newcdn.fidibo.com/images/books/3834_17493_normal.jpg
44,ููุฎููู,"
 
                                                                                            
ูุฑู (ุฒูุฑุง) ุฑุงุญ ",None,"ด,ฒฐฐ ", ูพุฑุณูุงู,None,ฑณนถ/ฑฐ/ฑต, ูุงุฑุณ," 2.71 
                        "," ดตถ 
                            ",978-8079-96-X,ุฑูุงู ููุฎููู ุจูุชุฑู ุฑูุงู ุฏุฑ ูุงู ุขุซุงุฑ ูุฑู ุฑุงุญุ ููุณูุฏูโ ูุนุงุตุฑ ุงุฑุงู ุงุณุช. ูุฑู ุฑุงุญ ฺูุฏู ุงุซุฑ ุฏุฑ ฺุงูุฑ ุนุงุดูุงูู ุฏุงุฑุฏ ฺฉู ููุฎููู ูุนุฑููโุชุฑู ุงุซุฑ ุงูุณุช ู ุชุง ฺฉููู ุจุด ุงุฒ ุดุตุชโูุณู ุจุงุฑ ุชุฌุฏุฏ ฺุงูพ ุดุฏู ุงุณุช.,ุฏุงุณุชุงู ู ุฑูุงู ุงุฑุงู,https://newcdn.fidibo.com/images/books/68627_88480_normal.jpg
45,ุฏุฎุชุฑ ุฏุฑ ูุทุงุฑ,ูพุงุฆููุง ูุงูฺฉูุฒ,ุนู ูุงูุน,"ฑฒ,ฐฐฐ ", ฺฉุชุงุจ ฺฉูููโูพุดุช," ฒฐ,ฐฐฐ ",ฑณนต/ฐฑ/ฑต, ูุงุฑุณ," 2.1 
                        "," ณดด 
                            ",978-600-8211-05-1,"
                                     ฺฉุชุงุจ ยซุฏุฎุชุฑ ุฏุฑ ูุทุงุฑยป ููุดุชู ูพุงุฆููุง ูุงูฺฉูุฒ( -ฑนทฒ) ููุณูุฏู ุจุฑุชุงูุง ุงุณุช.
ุงู ฺฉุชุงุจ ุชูุงูุณุชู ุจุง ุดฺฉุณุชู ุฑฺฉูุฑุฏ ูุฑูุด ยซูุฑ ูพุงุชุฑยป ุ ุนููุงู ูพุฑูุฑูุดโุชุฑู ุฑูุงู ุณุงู ฒฐฑต ุฑุง ุชุตุงุญุจ ฺฉูุฏ.
ยซุฏุฎุชุฑ ุฏุฑ ูุทุงุฑยป ุชููุง ฺฉ ุฑูุงู ูพูุณ ูุณุชุ ุจูฺฉู ููุณูุฏู ุชูุงูุณุชู ูฺฏุงู ุฑูุงูุดูุงุณุงูู ุจู ููุถูุน ูุนูุง ุฏุงุดุชู ุจุงุดุฏ.  
ููุณูุฏู ุงู ฺฉุชุงุจ ุจุง ุฑูุงุช ูุฏุฑูุ ุณุฑุงุบ ููุถูุน ฺฉูุงุณฺฉ ุฑูุชู ฺฉู ุงุฒ ูุงู ุฏุฑุฏ ู ุฎููุ ุฑูุฌ ุฒูุงูู ุฑุง ุจุฑูู ูโฺฉุดุฏ.
ุฑฺู ุดุฎุตุช ุงุตู ุฏุงุณุชุงู ฺฉู ุฒู ุฏุงุฆู ุงูุฎูุฑ ุงุณุชุ ุฏฺุงุฑ ุนุฏู ุงุนุชูุงุฏ ุจู ููุณ ุดุฏุฏ ุงุณุช. ุงู ุจู ุงูุง ููุด ูุงุฏุฑ ู ุฒู ุจูุฏู ุฎูุฏ ุฑุง ุฏฺุงุฑ ุชุฒูุฒู ูโุจูุฏ ู ุงุญุณุงุณ ู ฺฉูุฏ ููโุชูุงูุฏ ููุฑุฏ ุชูุฌู ูฺ ูุฑุฏ ูุงูุน ุดูุฏ. 
ุฑฺู ุจุด ุงุฒ ุขูโฺฉู ุฏุฑ ูุงูุนุช ุฒูุฏฺฏ ฺฉูุฏุ ุฏุฑ ุฎุงู ู ุจู ุขุฏูโูุง ุฎุงูโุง ฺฉู ููุท ุฎูุฏุด ุขูโูุง ุฑุง ูโุจูุฏ ุณุฑ ูโฺฉูุฏุ ุขูโูุฏุฑ ฺฉู ุฏุฑฺฏุฑ ุญูุงุฏุซ ุจูโุดุงู ูโุดูุฏ. ุญูุงุฏุซ ฺฉู ูฺโููุช ุฑุฎ ูุฏุงุฏูโุงูุฏ.
ุงู ุฑูุงู ุฏุฑูุงูุนุ ูุงุฌุฑุง ุณู ุฒู ุฑุง ุงุฒ ุฒุงููโ ุฏุฏ ูุฑ ฺฉ ุงุฒ ุขููุง ุจุงุฒฺฏู ู ฺฉูุฏ ู ูุซู ฺฉ ููู ุณููุงุ ูุฎุงุทุจ ุฑุง ุฏุฑ ุชุนูู ูฺฏู 
ูโุฏุงุฑุฏ. ุชููู ูุถุง ูุนูุง ู ุฌูุง ุจุง ุฏุบุฏุบูโูุง ุฒูุงุดู ู ูฺฏุฑุงูโูุง ุฒูุงู ุฏุฑ ูุณุงุฆู ฺูู ุฎุงูุช ู ุงุฒุฏูุงุฌุ ูฺฉุชูโูุง ุงุฌุชูุงุน ุฑุฒ ุฑุง ุฏุฑุจุงุฑู ุฒุณุช ุฒู ุงูุฑูุฒ ุฏุฑ ุฌูุงูุน ุบุฑุจ ุงุฏุขูุฑ ู ุดูุฏ. 
ุฏุฑ ุจุฎุดโูุง ุขุบุงุฒู ุฑูุงู ยซุฏุฎุชุฑ ุฏุฑ ูุทุงุฑยป ูโุฎูุงูู:
ยซฺฉ ูพุดุชู ูุจุงุณ ุขู ุทุฑู ุฑูโูุง ุงูุชุงุฏู ุงุณุช. ฺฉ ูุจุงุณ ุขุจ ุฑูุดูุโ ุดุงุฏ ฺฉ ูพุฑุงูู ฺฉู ุจุง ฺฉ ุชฺฉู ูพุงุฑฺู ุณูุฏ ฺุฑฺฉ ูุงุท ุดุฏู ุงุณุช. ุงุญุชูุงูุง ฺุฒ ุจโุงุฑุฒุด ุงุณุช. ุจุฎุด ุงุฒ ุฒุจุงููโูุง ฺฉู ุชู ุฌูฺฏู ฺฉูฺฺฉ ุจุงูุง ุณุงุญู ู ุฑุฒูุฏ. ูโุชูุงูุฏ ุงุฒ ฺฉุงุฑฺฏุฑุงู ุฌุง ูุงูุฏู ุจุงุดุฏ ฺฉู ุฏุฑ ุงู ูุณูุช ุฑุงูโุขูู ฺฉุงุฑ ูโฺฉููุฏ. ุดุงุฏ ูู ฺุฒ ุฏฺฏุฑ ุจุงุดุฏ. ูุงุฏุฑู ูโฺฏูุช ฺฉู ูู ููุดู ููู ุชุฎู ูุนุงูโ ุฏุงุดุชูโุงูุโ ุชุงู ูู ููู ุฑุง ูโฺฏูุชุโ ูู ุฏุงูู. 
ูฺฏุงู ุจู ุงู ุขุช ู ุขุดุบุงููุง ูโุงูุฏุงุฒูุโ ฺฉ ุช ุดุฑุช ฺฉุซู ุง ฺฉ ููฺฏู ฺฉูุด ฺฉููู. ูฺฉุฑ ูโฺฉูู ุจู ููฺฏู ุฏฺฏุฑ ฺฉูุด ู ูพุงูุง ฺฉู ุงูุฏุงุฒูโุงุด ุงุณุชยป.                                                                    ",ุฏุงุณุชุงู ู ุฑูุงู ุงูฺฏูุณ,https://newcdn.fidibo.com/images/books/62369_59306_normal.jpg
46,ููููุง ุดุจุงููโ ุงุฑฺฉุณุชุฑ ฺูุจ,"
 
                                                                                            
ุฑุถุง ูุงุณูโ ",None,"ฒฒ,ฒฐฐ ", ููููุฑ," ณท,ฐฐฐ ",ฑณธด/ฑฐ/ฑต, ูุงุฑุณ," 1.12 
                        "," ฒฐท 
                            ",978-964-448-277-9,ููููุง ุดุจุงูู ุงุฑฺฉุณุชุฑ ฺูุจโูุง,ุฏุงุณุชุงู ู ุฑูุงู ุงุฑุงู,https://newcdn.fidibo.com/images/books/1160_10598_normal.jpg
47,ูุงู ุนุณู ุฏุฑ ูพุงุฑุณ,ุฌูุฌู ููุฒ,ุขูุงูุชุง ุดุฌุงุน,"ธ,ฐฐฐ ", ฺฉุชุงุจ ฺฉูููโูพุดุช," ท,ฐฐฐ ",ฑณนต/ฐฑ/ฑต, ูุงุฑุณ," 0.65 
                        "," ธธ 
                            ",978-600-8211-14-3,ุฌูุฌู ููุฒุ ููุณูุฏูโยุฑูุงู ูุง ุนุงุดูุงูู ยซูู ูพุด ุงุฒ ุชูยป ู ยซูพุณ ุงุฒ ุชูยป ุจุง ฺฉ ุฏุงุณุชุงู ุนุงุดูุงููโ ุฏฺฏุฑ ุจุฑฺฏุดุชู ุงุณุช. ุงู ุฏุงุณุชุงู ุฏุฑ ุฏูุจุงููโ ุงุซุฑ ูุจู ุงู ุจุง ูุงู ยซุฏุฎุชุฑ ฺฉู ุฑูุงุด ฺฉุฑุฏยป ููุดุชู ุดุฏู ุงุณุช. ุงู ุจุง ุดููโุง ุฎูุงูุงูู ุฏู ุฏุงุณุชุงู ุฑุง ุจู ุดฺฉู ููุงุฒ ูพุด ูโุจุฑุฏ ุชุง ุขูุฌุง ฺฉู ุฏุฑ ฺฉ ููุทู ุจุงูู ุชูุงู ูพุฏุง ูโฺฉููุฏ.,ุฏุงุณุชุงู ู ุฑูุงู ุนุงุดูุงูู,https://newcdn.fidibo.com/images/books/62795_52426_normal.jpg
48,ููุณู ุงุจุฑุงูู,ุงุฑฺฉ ุงูุงููุฆู ุงุดูุช,ูุฑุชุถ ุซุงูุจโูุฑ,"ต,ฐฐฐ ", ุนุทุงุฆ," ฑฐ,ฐฐฐ ",ฑณธณ/ฑฐ/ฑต, ูุงุฑุณ," 0.43 
                        "," ถฐ 
                            ",964-313-629-9,"
                                     ููุณ ุฏุฑ ุณุฒุฏู ุณุงูฺฏ ุจู ุญุงู ุฎูุฏ ุฑูุง ู ุดูุฏ. ฺฏุงูู ุฏูุณุช ุงู ูพุณุฑฺฉ ุชููุง ููุฏุ ููุณู ุงุจุฑุงููุ ุจูุงู ุนุฑุจ ูุญู ุฌููุฏ ูุง ุจูุงู ""ฺฉูฺู ุขุจ"" ุงุณุช.
ุงูุง ูู ุงูโูุง ุธูุงูุฑูุฏ:
ูู ฺฉูฺู ุขุจุ ุขุจ ุงุณุช.
ูู ุจูุงู ุนุฑุจุ ุนุฑุจ ุงุณุช.
ู ุจุง ุงู ุญุงู ุฒูุฏฺฏ ฺูุฏุงู ูู ูุฒููุงู ุจุฏ ูุณุช...                                                                    ",ุฏุงุณุชุงู ู ุฑูุงู ูุฑุงูุณู,https://newcdn.fidibo.com/images/books/5891_88691_normal.jpg
49,ุฏูุฆู ู ฺูุฏ ุฏุงุณุชุงู ุฏฺฏุฑ,ุขูุชูุงู ฺุฎูู,ููุฏ ุงูุดุงุฑ,"ฑธ,ฐฐฐ ",ูุฌุฏ," ดต,ฐฐฐ ",ฑณนต/ฐฑ/ฑต, ูุงุฑุณ," 2.42 
                        "," ดฐฐ 
                            ",978-600-7987-24-7,ยซุขูุชูุงู ฺุฎููยป ุงุณุชุงุฏ ุจโฺููโูฺุฑุง ุฏุงุณุชุงู ฺฉูุชุงู ุฏุฑ ุงุฏุจุงุช ุฑูุณู ู ุฌูุงู ุงุณุช. ุงู ุฏุฑ ฺฉูุชุงูโุชุฑู ูุฑุตุช ุจู ุณุฑุงุบ ูููโุชุฑู ุฏุบุฏุบูโูุง ุงูุณุงู ู ุงุฌุชูุงุน ูโุฑูุฏ ู ูุณุชููุงู ููุถูุนุงุช ุฑุง ุจู ฺุงูุด ูโฺฉุดุฏ. ุงู ุฏุฑ ฺฉูุชุฑู ุตูุญุงุช ููฺฉู ุชุฃูู ู ุดฺฏูุช ุฎูุงููุฏู ุฑุง ุจุฑูโุงูฺฏุฒุฏ ู ุฑูุงุจุท ุงูุณุงู ุฑุง ูุดุงู ูโุฏูุฏ. ฺฉุชุงุจ ยซุฏูุฆู ู ฺูุฏ ุฏุงุณุชุงู ุฏฺฏุฑยป ูุฌููุนูโุง ุงุฒ ุฏุงุณุชุงูโูุง ฺฉูุชุงู ุงูุณุช ฺฉู ููุณูุฏู ุฏุฑ ูพ ุฏุงุณุชุงูโูุง ุขู ุญููุช ุฑุง ุจู ุจุงุฒ ูโฺฏุฑุฏ ู ุดุฎุตุชโูุง ูุงูุฏฺฏุงุฑ ุฎูู ูโฺฉูุฏ ฺฉู ุฏุฑฺฏุฑ ููุงูู ููฺูู ุนุดูุ ุชุจุงูุ ูุฑฺฏุ ุฎุงูุช ู ุญุณุฑุช ูุณุชูุฏ.,ุฏุงุณุชุงู ฺฉูุชุงู,https://newcdn.fidibo.com/images/books/65037_87910_normal.jpg
50,ฺฉูฺฉุดุงู ูุณุช,"
 
                                                                                            
ูุญูุฏูุงุฏ ุงุตููุงู ",None,"ดฐ,ฐฐฐ ",ูุถ ูุฑุฒุงู,None,ฑณนน/ฑฒ/ฐฒ, ูุงุฑุณ," 3.86 
                        "," ตตธ 
                            ",978-622-959955-6,ฺฉูุชุฑ ฺฉุชุงุจ ุฑุง ูโุชูุงู ุงูุช ฺฉู ุจุง ฺฉ ุณุฑ ุฏุงุณุชุงู ุฌุฐุงุจ ู ฺฏุฑุงุ ุฒูุฏฺฏ ฺฉ ุงุฒ ุจุฒุฑฺฏุงู ูุฐูุจ ุดูู ุฑุง ุจู ุชุตูุฑ ุจฺฉุดุฏ. ุจุณุงุฑ ุงุฒ ุงูุฑุงุฏ ุชุตูุฑ ูโฺฉููุฏ ุจุฒุฑฺฏุงู ุฏู ุนุฒูุช ูุดู ู ฺฏูุดู ฺฏุฑ ุจูุฏู ุงูุฏ ุงูุง ุจุง ูุทุงูุนู ฺฉุชุงุจ ฺฉูฺฉุดุงู ูุณุช ุฏุฑูโุงุจุฏ ฺฉู ุจุณุงุฑ ุงุฒ ุขููุง ุฒูุฏฺฏ ุจุณุงุฑ ูพูุง ุฏุงุดุชูโุงูุฏ ู ูุฏูโูุง ุจุฒุฑฺฏ ู ููู ุฏุฑ ุงู ุนุฑุตู ุจุฑุฏุงุดุชูโุงูุฏ. ุงู ฺฉุชุงุจ ุดูุง ุฑุง ุจุง ุฒูุฏฺฏ 81 ุณุงููโ ูุฑุฏ ุจุฒุฑฺฏ ู ุนุงูู ุขุดูุง ุฎูุงูุฏ ุณุงุฎุช.,ุฏุงุณุชุงู ู ุฑูุงู ุงุฑุงู,https://newcdn.fidibo.com/images/books/110581_80746_normal.jpg
51,ุจฺฉุฑุงู ุชููุง,"
 
                                                                                            
ุขุตู ูุฑูุฒ ",None,"ณต,ฐฐฐ ", ุฌุงู," ทต,ฐฐฐ ",ฑณนน/ฐต/ฑน, ูุงุฑุณ," 1.95 
                        "," ณถฐ 
                            ",978-600-176-222-2,"
                                    ุจูโโฺฉุจุงุฑู ุตุฏุง ุบุฑุด ูุงุดู ุงุฑุจุงุจ ู ูุฑุชููโ ุณูุงุฑุงู ูุณูุญ ฺฉู ููุฑุงูโุงุด ูโฺฉุฑุฏูุฏ ุชูุฌู ูุฑุฏู ุฑุง ุจู ุฎูุฏ ุฌูุจ ฺฉุฑุฏ. ุฌูพ ุขููู ุขุจ ุฑูฺฏ ุงุณุชุงุฏ ู ุฑุนูุง ุงุฒ ุฏุฑ ุนูุจ ุขู ูพุงุฏู ุดุฏ. ูููโฺฉู ุจุง ูุฏูโูุง ุจููุฏ ุจู ุณูุช ุฌูุนุช ุฑูุชุ ุดฺฉุงู ูุงู ุญููู ูุฑุฏู ุจู ูุฌูุฏ ุขูุฏ. ุจู ุณูุช ูพุณุฑฺฉ ฺฏุงู ุจุฑุฏุงุดุช ู ุจุง ุฏุฏู ุตูุฑุช ุฎููู ุงู ููโุงุด ุฑุง ฺฏุฑูุช ู ฺฏูุช:
-	ูพุณุฑู ฺฉุฌุงุณุชุ     
ุจุฏู ูพุณุฑฺฉ ูโูุฑุฒุฏ. ุฎููุฑุฒ ุฏุงุดุช ู ุจุงุฑฺฉูโูุง ุงุฒ ุฎูู ู ุฎุงฺฉู ุฏููู ุจุณุชู ุงุฒ ุตูุฑุชุด ุขูุฒุงู ุจูุฏ. ุจู ฺุดูุงู ุฑุนูุง ูฺฏุงู ฺฉุฑุฏ ู ููโูู ฺฉูุงู ฺฏูุช:
-	ุฒูฺฏ. 
ุจฺูโูุง ุจุง ุดูุฏู ุงู ุงุณูุ ุฎูุฏุดุงู ุฑุง ุจู ูุงูุฏูุดุงู ฺุณุจุงูุฏูุฏ. ุฑุนูุง ูพุณุฑ ุฑุง ุชฺฉุงู ุฏุงุฏ ู ฺฉุดุฏูโุง ุจู ุงู ุฒุฏ.
-	ูพุฑุณุฏู ูพุณุฑู ฺฉุฌุงุณุชุ
-	ุฏูุจุงู ู ฺฏููโ ูพุงุฒู ุจูุฏู ุจโุจ... ูู ุฏุฏู ุฒูฺฏ ุจุงูุง ุณุฑูููู. ุฑู ฺฉูู ... ุจุงูุง ุณุฑููู ุจูุฏ. ุฏุงุฏ ูโุฒุฏุ ุณูฺฏ ููู ูโุฏุงุฏ ูพุงู... ุฏูุฏู... ู ุฏูุฏู.... ฺฏูุดูู ฺฉุฑุฏู. ููู ุจุจุฎุด ุจโุจ. 
 ุฑุนูุง ุจู ุณูุช ุดูุงู ูฺฏุงู ฺฉุฑุฏ. ูฺฏุงูุด ุงุฒ ุงูุชุฏุงุฏ ุชูพูโูุง ูพูุดุฏู ุงุฒ ุฏุฑุฎุช ุจููุท ฺฏุฐุดุช ู ุจู ฺฉููโูุง ุณุฑ ุจู ููฺฉ ฺฉุดุฏูโ ูพุดุช ุขููุง ุฎุฑู ูุงูุฏ. ...                                                                    ",ุฏุงุณุชุงู ู ุฑูุงู ุงุฑุงู,https://newcdn.fidibo.com/images/books/99333_12627_normal.jpg
52,ุฏุงูุงู ุจูุดุช,"
 
                                                                                            
ูุงุฒ ุตูู ",None,"ดฒ,ฐฐฐ ",  ููููุณ," ณต,ฐฐฐ ",ฑณทธ/ฑฐ/ฑต, ูุงุฑุณ," 2.19 
                        "," ดดธ 
                            ",978-964-311-213-4,ุงุฏุจุงุช ุนุงุดูุงูู ุงุฒ ูพุฑุทุฑูุฏุงุฑุชุฑู ฺฏูููโูุง ุงุฏุจ ุงุณุช ู ฺฉุชุงุจโูุง ฺฉู ุงูุช ูโุดููุฏ ฺฉู ุฏุฑ ุขูโูุง ุฏุงุณุชุงู ุนุงุดูุงูู ู ุงุญุณุงุณ ุฑูุงุช ูุดุฏู ุจุงุดุฏ. ุจุณุงุฑ ุงุฒ ุขููุง ุดุฑุญ ูุตุงู ู ุจุณุงุฑ ุฏฺฏุฑ ุดุฑุญ ูุฑุงู ู ุฌุฏุง ุฑุง ุชูุตู ูโฺฉููุฏ.ยุฏุงูุงู ุจูุดุช ููุดุชูโ ูุงุฒ ุตูู ูู ฺฉ ุฏฺฏุฑ ุงุฒ ุฏุงุณุชุงูโูุง ุนุงุดูุงูู ุงุณุช. ูฺฉุชู ูุงุจู ุชูุฌู ุงูุง ุงู ุงุณุช ฺฉู ุจุฑุฎูุงู ฺฉูุดูโูุง ููุดฺฏุ ุฏุงุณุชุงู ฺฉุชุงุจ ุงุฒ ุฒุจุงู ุฏุฎุชุฑ ุฑูุงุช ูโุดูุฏ ฺฉู ุณุน ุฏุฑ ุชูุตู ุงุดุชุจุงูุงุช ู ูุงฺฉุงู ุฑูุชุงุฑูุง ุบูุท ุฎูุฏ ุฏุฑ ุฑุงุจุทู ุงุญุณุงุณโุงุด ุฏุงุฑุฏ ู ุจุง ุฑูุงุช ุตุงุฏูุงููโุง ฺฉู ุฏุงุฑุฏ ุญุณ ููุฐุงุชโูพูุฏุงุฑ ุฑุง ุฏุฑ ุฎูุงููุฏู ุจุฑูโุงูฺฏุฒุฏ.,ุฏุงุณุชุงู ู ุฑูุงู ุงุฑุงู,https://newcdn.fidibo.com/images/books/1103_72848_normal.jpg
53,ูุฑฺฏ ู ุจุงฺฉุฑู,ุขุฑู ุฏูุฑููุงู,ูุงูู ุญูู  ุ                                                                                                             ูููฺูุฑ ูุฏุงูุช ุฎูุดููุงู,None, ฺฉุชุงุจโุณุฑุง,None,ฑณนด/ฐท/ฐฑ, ูุงุฑุณ," 0.68 
                        "," ฑตถ 
                            ",964-5840-39-2,ุจุนุฏ ุงุฒ ูพุงุงู ุงูุชู ุงุชูุงูโูุง ุณุงุณ ู ุงูููุงุจโูุง ฺฉุณ ููโุฏุงูุฏ ฺู ุจุฑ ุณุฑ ุฑูุญ ู ุฑูุงู ุงูุฑุงุฏ ุขูุฏู ุงุณุช. ุจุณุงุฑ ุงุฒ ูุฑุฏู ุท ุงู ุญูุงุฏุซ ุจุฑุง ุงุฌุฑุง ุนุฏุงูุช ุฌุงู ุฎูุฏ ุฑุง ุงุฒ ุฏุณุช ูโุฏููุฏ ู ุจุนุถ ุฏฺฏุฑ ูโูุงููุฏ ู ุณุน ูโฺฉููุฏ ุฏุฑุฏูุง ุงู ูุณุฑ ุฑุง ุงูุชุงู ุจุฎุดูุฏ. ุจุนุฏ ุงุฒ ุงู ููุงุนุ ุฐูู ุงูุฑุงุฏ ุฏุงุฆูุง ุชูุงู ุดฺฉูุฌูโุ ุขุฒุงุฑูุง ู ุญุช ุชุฌุงูุฒูุง ุฑุง ุชุฏุงุน ูโฺฉูุฏ ู ูุญุธูโุง ุขูโูุง ุฑุง ุชููุง ููโฺฏุฐุงุฑุฏ. ููุงุดูุงููยูุฑฺฏ ู ุจุงฺฉุฑู ุงุฒ ุฌูุณ ุชุงุซุฑ ุงู ฺูู ุขุฒุงุฑ ู ุงุฐุชโูุง ุจุฑ ูพูุณุช ู ฺฏูุดุช ุฒู ุงุณุช ฺฉู ุฏุฑ ุท ูุนุงูุชโูุง ุณุงุณโุงุด ุจู ุฒูุฏุงู ุฑุงู ูพุฏุง ูโฺฉูุฏ.,ฺฉุชุงุจโูุง ุฑุงฺฏุงู ,https://newcdn.fidibo.com/images/books/3954_77667_normal.jpg
54,ุฌู ุงุฑ,ุดุงุฑููุช ุจุฑููุชู,ุฑุถุง ุฑุถุง,"ถณ,ฐฐฐ ", ู," ฑตถ,ฐฐฐ ",ฑณนฑ/ฑฐ/ฑต, ูุงุฑุณ," 4.1 
                        "," ถถณ 
                            ",978-964-185-154-7,ุงุฏุจุงุช ฺฉูุงุณฺฉ ูพุฑ ุงุฒ ููุฑูุงูุงู ุฒู ุงุณุช. ุฒูุงู ุฌุฐุงุจุ ุฏูุจุฑุจุง ู ูุฑุจูุฏู. ุฒูุงู ุจุง ุฎุตูุตุงุช ุจุฑุฌุณุชู ฺฉู ุฏุฑ ุฑููุฏ ุฏุงุณุชุงูโูุง ููุฑุฏ ุชูุฌููุฏ ู ูโุฏุฑุฎุดูุฏุ ุงูุง ููุฑูุงู ุฌู ุงุฑ ุฌูุณ ุฏฺฏุฑ ุฏุงุฑุฏ. ุฏุฎุชุฑฺฉ ุชููุงุณุช ฺฉู ุฏุณุช ุฎุงู ุจุฑุง ุฒูุฏฺฏ ูโุฌูฺฏุฏ. ููู ูฺฺฏ ุดุฎุตุช ุงู ุฏุฎุชุฑ ุฏุฑ ุจุณุชุฑ ูุตูโุง ุนุงุดูุงููุ ุฌู ุงุฑ ุฑุง ุจู ุฑูุงู ฺฉู ุชูุงู ุฏูุณุชโุฏุงุฑุงู ุงุฏุจุงุช ูโุชูุงููุฏ ุงุฒ ุขู ูุฐุช ุจุจุฑูุฏุ ุชุจุฏู ฺฉุฑุฏู ุงุณุช.,ุฏุงุณุชุงู ู ุฑูุงู ุงูฺฏูุณ,https://newcdn.fidibo.com/images/books/2004_15517_normal.jpg
55,ุฏู ฺฉู ุญุฑู ูโุฒูู,ูุงุฑูฺฉ ููุฑุงฺฉุงู,ูุฌุชุจ ููุณ,"ฒธ,ตฐฐ ", ฺุดูู," ตฒ,ฐฐฐ ",ฑณธน/ฐฑ/ฑต, ูุงุฑุณ," 1.08 
                        "," ณฐต 
                            ",978-964-362-755-3,ยซุฏูุง ุงู ุฏูุง ุชููุงุ ุณุฑุณุฎุชุ ุณุฎุชโฺฉูุด ู ูพุงุฏุงุฑ ุงุณุช. ุงู ุฏุฑ ููุงุจู ุฏูุง ฺฉูุชุงู ููโุขุฏุ ุจู ูฺ ูุฌู. ูุฏู ุจุฑุง ุฎูุฏ ุชุฑุณู ูโฺฉูุฏ ู ุฐุฑู ุฐุฑู ุฌุฒุก ุจู ุฌุฒุกุ ุจุง ุฏูุช ู ูุธู ูพุด ูโุฑูุฏ. ุงูู ฺฉูฺฉ ฺฏุฑูุชู ูุณุช. ุจู ุญุฑู ุฏฺฏุฑุงู ูู ุงุนุชูุง ููโฺฉูุฏ ฺฉู ุงู ุฑุง ููุน ูโฺฉููุฏ. ุจุฑฺฏุดุชู ุฏุฑ ฺฉุงุฑ ุงู ูุณุช. ุจุงุฏ ุจู ููุตุฏ ุจุฑุณุฏ. ุชฺฉุงูพู ุงู ุฌูุงู ุฑุง ุจู ุชฺฉุงูพู ูุง ูโุฏุงุฑุฏ.ยป ุงูโ ูุง ุฑุง ูุฌุชุจ ูุณ ุฏุฑ ููุฏููโุงุด ุจุฑ ุชุฑุฌููโุง ฺฉู ุงุฒ ฺฉุชุงุจ ุงุฒ ุฏู ฺฉู ุญุฑู ูโุฒูู ุงุฒ ฺู ุญุฑู ูโุฒูู ุฏุฑุจุงุฑูโ ูุงุฑูฺฉ ููุฑุงฺฉุงู ููุดุชู ุงุณุช. ฺฉุชุงุจ ฺฉู ุฎูุงููุฏูโ ูุงู ุขุดูุง ฺุงูพู ุฑุง ุจุดุชุฑ ุจู ูุง ูโุดูุงุณุงูุฏ ู ฺฉูฺฉ ูโฺฉูุฏ ุฏูุง ุฑุง ุงุฒ ุฏุฑฺูโ ูฺฏุงู ุงู ุจุจูู.,ุฏุงุณุชุงู ู ุฑูุงู ุขุณุง ุดุฑู,https://newcdn.fidibo.com/images/books/64653_28960_normal.jpg
56,ุณุงู ุจููุง,"
 
                                                                                            
ุนุจุงุณ ูุนุฑููโ ",None,"ณน,ฐฐฐ ",  ููููุณ," ดฒ,ฐฐฐ ",ฑณธฐ/ฑฐ/ฑต, ูุงุฑุณ," 1.96 
                        "," ฑดด 
                            ",964-311-344-2,ููุช ุจุง ูุนุตูู ูุงูุฒุฏ ุดุฏู ุจูุฏูุ ฺฉ ุฑูุฒ ุงุฒ ุฎุงูู ุจุฑูู ุฑูุชู ู ุญุณูุง ุฏุฑ ุฏฺฉุงูุด ูุดุบูู ฺฉูุฒูโฺฏุฑ ุจูุฏ. ุขู ุฑูุฒ ุญุณูุง ุฏุฑ ุญุฌุฑูโุงุด ูุฑุง ุจูุณุฏ. ุญุณูุง ุฏุฑ ุญุฌุฑูโุงุด ูุฌุณููโุง ุงุฒ ุณุฑ ุดุฑู ู ูุฑูุงุฏ ุณุงุฎุชู ุจูุฏ. ุจุงุฒ ูู ุจู ูู ฺฏูุช ฺฉู ุฏูุจุงู ุจุฑุงุฏุฑูุงุด ุณุงูุดุงู ู ุงุณูุงุนู ูโฺฏุฑุฏุฏ. ุงู ูโุฏุงูุณุช ฺฉู ุฏฺฉุชุฑ ูุนุตูู ุจู ุฎูุงุณุชฺฏุงุฑ ูู ุขูุฏู. ูู ูุนุตูู ุฑุง ุฏูุณุช ูุฏุงุดุชู ู ุญุณูุง ุฑุง ูโุฎูุงุณุชู. ููุช ุจู ุฎุงูู ุฑุณุฏู ุจู ูุงุฏุฑู ฺฏูุชู. ูุงุฏุฑู ููพุฐุฑูุช. ูุงุฏุฑู ููโุฏุงูุณุช ฺฉู ุฏุณุชู ฺฏูู ุฑุง ุจู ุฎุงุทุฑ ุญุณูุง ุจู ุจุงุฏ ุฏุงุฏูโุงู. ุฎุฏุง ุฎุฏุง ูโฺฉุฑุฏู ฺฉู ุดุจ ุนุฑูุณ ูุนุตูู ูู ููููุฏ. ฺฉ ุฑูุฒ ุญุณูุง ุจุง ฺฉุช ู ุดููุงุฑ ูุดฺฉ ุฑุงู ุฑุงู ู ูพุฑุงูู ุณูุฏ ุจู ุฎูุงุณุชฺฏุงุฑ ุงู ุขูุฏ. ูุงุฏุฑู ุงุฒ ุงู ูพุฑุณุฏ ุณูุงุฏ ุฎูุงูุฏู ู ููุดุชู ูโุฏุงูุฏ ู ุงู ฺฏูุช ฺฉู ุฎูุณู ูุธุงู ุฑุง ุฎูุงูุฏู ุงุณุช. ,ุฏุงุณุชุงู ู ุฑูุงู ุงุฑุงู,https://newcdn.fidibo.com/images/books/1108_94658_normal.jpg
57,ฺฉ ุฌูฺฏู ุชุงุฑฺฉ,ุฑูุซ ูุฑ,ุดุงุฏ ุญุงูุฏ ุขุฒุงุฏ,"ฒต,ฐฐฐ ", ููู," นน,ฐฐฐ ",ฑณนถ/ฐฑ/ฑต, ูุงุฑุณ," 2.1 
                        "," ณตฒ 
                            ",978-600-7141-85-4,ยซุงู ุฑูุงู ุขุชุดู ุงุณุชุ ุดุจโููฺฏุงู ุฏุณุชุด ูฺฏุฑุฏยป ุงู ุฌููู ุฑุง ูููุฑฺฉ ฺูุฑูุงู ุงูุจูฺฉุณ ุฏุฑุจุงุฑูโ ฺฉ ุฌูฺฏู ุชุงุฑฺฉ ุชุงุฑฺฉ ููุดุชู ุงุณุช. ฺฉุชุงุจ ุฌุฐุงุจ ู ุชุฑุณูุงฺฉุ ุชุฑูุฑ ฺฉู ููุณ ุฑุง ุฏุฑ ุณููโ ูุฎุงุทุจ ุญุจุณ ูโฺฉูุฏ. ุฑูุซ ูุฑ ุฑูุงู ููุดุชู ุงุณุช ฺฉู ูุฑ ูุฎุงุทุจ ุฑุง ุณุฑุฌุงุด ูุฎฺฉูุจ ูโฺฉูุฏ ู ุงู ุฑุง ุจู ุงุฏุงูู ุฏุงุฏู ูุฌุจูุฑ ูโฺฉูุฏ.,ุฏุงุณุชุงู ู ุฑูุงู ุงูฺฏูุณ,https://newcdn.fidibo.com/images/books/68411_72632_normal.jpg
58,ุชุฆูุฏูุฑ ุจูู ูฺฉู ููุฌูุงู,ุฌุงู ฺฏุฑุดุงู,ููุงุฏ ูุดุชู,None, ุจููุงู,None,ฑณธน/ฑฐ/ฑต, ูุงุฑุณ," 1.34 
                        "," ฒณฒ 
                            ",978-964-5668-65-3,ุงูุณุงู ูุนูููุง ุฏุฑ ุณูู ฺฉูุฏฺฉ ู ููุฌูุงู ุฏุฑ ุชุฎูุงุช ุฎูุฏุ ุดุบู ุขูุฏูโุงุด ุฑุง ุจู ุชุตูุฑ ูโฺฉุดุฏ. ููู ุฑูุง ฺฉูุฏฺฉ ู ููุฌูุงู ุงุณุช ฺฉู ุจุงุนุซ ูโุดูุฏ ุงูุณุงู ุฎูุฏ ุฑุง ุฏุฑ ุฌุงฺฏุงู ูพุฒุดฺฉุ ูุนูู ู ูฺฉู ุชุตูุฑ ฺฉูุฏ ู ุฑูุชู ุฑูุชู ุฒูุงู ฺฉู ุจู ุฏูุง ุจุฒุฑฺฏุณุงู ูุฏู ูโฺฏุฐุงุฑุฏ ุฏุฑ ูพ ุชุญูู ุฑูุง ุฎูุฏ ุจุงุดุฏ. ฺฉุชุงุจ ุชุฆูุฏูุฑ ุจููุ ูฺฉู ููุฌูุงู ุจุง ฺูู ูุถููู ุจู ููู ุจุฑุฌุณุชูโุชุฑู ููุณูุฏูโ ุขุซุงุฑ ุฌูุง ู ุญูููุ ุฌุงู ฺฏุฑุดุงู ููุดุชู ุดุฏู ุงุณุช.,ฺฉุชุงุจโูุง ุฑุงฺฏุงู ,https://newcdn.fidibo.com/images/books/62259_48992_normal.jpg
59,ุฏุงุณุชุงู ูุง ฺฉูุชุงู ุงุฒ ูุงฺฏูุงุฑุชุฒ,ุฌ.ฺฉ ุฑูููฺฏ,ุงูู ุจูุฑูโููุฏ,None, ุขูุฑูุด ฺฉุชุงุจ ุงูฺฉุชุฑููฺฉ ูุฑูุฒุงู (ูุฏุจู),None,ฑณนต/ฑฑ/ฐณ, ูุงุฑุณ," 0.51 
                        "," ถต 
                            ",None,"
                                     ุฏุงุณุชุงูโูุง ฺฉูุชุงู ุงุฒ ูุงฺฏูุงุฑุชุฒ ุฏุฑุจุงุฑู ูุฏุฑุชุ ุณุงุณุช ู ุงุดุจุงุญ ูุฒุงุญู

ูุฏุฑุช ฺฉ ุณุงุญุฑ ุง ุณุงุญุฑู ุจุง ฺูุจุฏุณุชโุง ุฏุฑ ุฏุณุชุ ุจุด ุงุฒ ุขู ฺุฒ ุงุณุช ฺฉู ูโุชูุงู ุชุตูุฑ ฺฉุฑุฏ. ุจู ฺฉูฺฉ ูุฑุฏ ุง ูุนุฌูู ููุงุณุจ ุขูโูุง ูโุชูุงููุฏ ุนุดู ุฌุนู ุจุณุงุฒูุฏุ ุฏุฑ ุฒูุงู ุณูุฑ ฺฉููุฏุ ุญุงูุช ูุฒฺฉ ุฎูุฏ ู ุณุงุฑ ุงุดุง ุฑุง ุชุบุฑ ุฏููุฏ ู ุญุช ุจู ุฒูุฏฺฏ ฺฉุณ ูพุงุงู ุฏููุฏ.

ูุฏุฑุช ู ุฌุงุฏู ุงฺฏุฑ ุฏุฑ ุฏุณุชุงู ูุฑุฏ ูุงุฏุฑุณุช ูุฑุงุฑ ุจฺฏุฑูุฏุ ูโุชูุงููุฏ ูููฺฉุ ุชุงุฑฺฉ ู ฺฉุดูุฏู ุจุงุดูุฏุ ุงู ฺุฒ ุงุณุช ฺฉู ูุฑุฏ ููุฏููุฑุช ุจู ูุง ูุดุงู ุฏุงุฏ. ุงู ุดุฑูุฑุงูู ุจู ุฏูุจุงู ูุฏุฑุช ุจูุฏ ุชุง ุฌุง ฺฉู ุชุงุฑ ู ูพูุฏ ุฑูุญ ุฎูุฏ ุฑุง ุชฺฉู ุชฺฉู ู ูุฑ ุขูฺู ุฑุง ฺฉู ุงุฒ ุงู ฺฉ ุงูุณุงู ูโุณุงุฎุชุ ูุงุจูุฏ ฺฉุฑุฏ. ุงู ุชุจูฺฉุงุฑุชุฑู ุชุจูฺฉุงุฑุงู ุจูุฏ ฺฉู ุขุฑุฒู ููููุงฺฉุด ุจุฑุง ูุฏุฑุช ู ูุงุจูุฏุ ุงู ุฑุง ุจู ูพุด ูโุจุฑุฏ.

ูุงุถุญ ุงุณุช ฺฉู ุงูุฑุงุฏ ุจุณุงุฑ ุงูุฏฺฉ ุงุฒ ูุธุฑ ูุตุฏ ู ูุงุช ุดุทุงู ูโุชูุงููุฏ ุจุง ููุฏููุฑุช ุจุฑุงุจุฑ ฺฉููุฏ (ูุฑฺูุฏ ฺฉู ุจูุงุชุฑฺฉุณ ูุณุชุฑูุฌ ู ุฏููุฑุณ ุขูุจุฑุฌ ุจุฑุง ุฑุณุฏู ุจู ุงู ููุงู ุงุฒ ูฺ ุชูุงุด ูุฑูฺฏุฐุงุฑ ูฺฉุฑุฏูุฏ)ุ ุงูุง ุดุฎุตุชโูุง ุฏฺฏุฑ ูุฒ ูุฌูุฏ ุฏุงุฑูุฏ ฺฉู ุฌุฐุจ ูุฏุฑุช ุดุฏูโุงูุฏ. ุฏุฑ ุงู ฺฉุชุงุจ ูุฌููุนู ุฏุณุชโููุดุชูโูุง ุฌ.ฺฉ.ุฑูููฺฏ ุฑุง ุฏุฑ ููุฑุฏ ูุฏุฑุชุ ุณุงุณุช ู ุจุฑุง ุชูุทู ูุถุง ุฏุฑ ููุฑุฏ ุงุดุจุงุญ ูุฒุงุญูุ ูุทุงูุนู ูโฺฉูุฏ.
                                                                    ",ฺฉุชุงุจโูุง ุฑุงฺฏุงู ,https://newcdn.fidibo.com/images/books/65169_74675_normal.jpg
